listing_id,source_listing_id,data_source,split_set,tier_primary,target_rule_min,target_rule_max,model_route,cat__brand_Anita Dongre,cat__brand_Armani,cat__brand_Balenciaga,cat__brand_Burberry,cat__brand_Dolce & Gabbana,cat__brand_Gucci,cat__brand_Louis Vuitton,cat__brand_Manish Malhotra,cat__brand_Prada,cat__brand_Raw Mango,cat__brand_Rohit Bal,cat__brand_Sabyasachi,cat__brand_Tarun Tahiliani,cat__brand_Versace,cat__category_Dress,cat__category_Ethnic Wear,cat__category_Jacket,cat__category_Lehenga,cat__category_Saree,cat__category_Shirt,cat__material_Cotton,cat__material_Leather,cat__material_Linen,cat__material_Polyester,cat__material_Silk,cat__size_L,cat__size_M,cat__size_S,cat__size_XL,cat__size_XS,cat__condition_Like New,cat__condition_New,cat__condition_Used,cat__tier_primary_Tier 5,num__age_months,num__original_price,num__base_min_pct,num__base_max_pct,num__cond_mult,num__age_mult,num__cat_mult,num__mat_mult,num__brand_avg_price_min,num__brand_avg_price_max,num__is_open_ended_brand_price,num__brand_known_in_master
L0001,L0001,manual,train,Tier 5,9300,11800,tier_split_tier5,0.0,0.0,0.0,0.0,0.0,0.0,0.0,0.0,0.0,0.0,0.0,1.0,0.0,0.0,0.0,1.0,0.0,0.0,0.0,0.0,0.0,0.0,0.0,0.0,1.0,0.0,1.0,0.0,0.0,0.0,1.0,0.0,0.0,1.0,4.0,89999.0,0.11,0.14,0.9,0.9,1.1,1.05,60000.0,0.0,1.0,1.0
L0004,L0004,manual,train,Tier 5,7500,9600,tier_split_tier5,0.0,0.0,0.0,0.0,0.0,1.0,0.0,0.0,0.0,0.0,0.0,0.0,0.0,0.0,0.0,0.0,1.0,0.0,0.0,0.0,0.0,1.0,0.0,0.0,0.0,0.0,0.0,1.0,0.0,0.0,0.0,1.0,0.0,1.0,1.0,61999.0,0.11,0.14,1.0,1.0,1.05,1.05,50000.0,0.0,1.0,1.0
L0006,L0006,manual,train,Tier 5,10200,13000,tier_split_tier5,0.0,0.0,0.0,0.0,0.0,0.0,1.0,0.0,0.0,0.0,0.0,0.0,0.0,0.0,0.0,0.0,1.0,0.0,0.0,0.0,0.0,1.0,0.0,0.0,0.0,0.0,1.0,0.0,0.0,0.0,0.0,0.0,1.0,1.0,10.0,150000.0,0.11,0.14,0.7,0.8,1.05,1.05,80000.0,0.0,1.0,1.0
L0010,L0010,manual,train,Tier 5,7600,9700,tier_split_tier5,1.0,0.0,0.0,0.0,0.0,0.0,0.0,0.0,0.0,0.0,0.0,0.0,0.0,0.0,0.0,0.0,0.0,0.0,1.0,0.0,0.0,0.0,0.0,0.0,1.0,0.0,1.0,0.0,0.0,0.0,0.0,1.0,0.0,1.0,3.0,59999.0,0.11,0.14,1.0,1.0,1.1,1.05,10000.0,0.0,1.0,1.0
L0015,L0015,manual,train,Tier 5,9300,11900,tier_split_tier5,0.0,0.0,0.0,0.0,0.0,0.0,0.0,0.0,1.0,0.0,0.0,0.0,0.0,0.0,1.0,0.0,0.0,0.0,0.0,0.0,0.0,0.0,0.0,0.0,1.0,0.0,0.0,1.0,0.0,0.0,1.0,0.0,0.0,1.0,4.0,95000.0,0.11,0.14,0.9,0.9,1.05,1.05,35000.0,0.0,1.0,1.0
L0017,L0017,manual,val,Tier 5,18400,23400,tier_split_tier5,0.0,0.0,0.0,0.0,0.0,0.0,0.0,0.0,0.0,0.0,0.0,1.0,0.0,0.0,0.0,0.0,0.0,0.0,1.0,0.0,0.0,0.0,0.0,0.0,1.0,1.0,0.0,0.0,0.0,0.0,0.0,1.0,0.0,1.0,2.0,145000.0,0.11,0.14,1.0,1.0,1.1,1.05,60000.0,0.0,1.0,1.0
L0021,L0021,manual,train,Tier 5,7200,9200,tier_split_tier5,0.0,0.0,0.0,0.0,0.0,0.0,0.0,0.0,0.0,0.0,0.0,0.0,1.0,0.0,0.0,0.0,0.0,0.0,1.0,0.0,0.0,0.0,0.0,0.0,1.0,0.0,1.0,0.0,0.0,0.0,1.0,0.0,0.0,1.0,6.0,69999.0,0.11,0.14,0.9,0.9,1.1,1.05,40000.0,0.0,1.0,1.0
L0037,L0037,manual,val,Tier 5,6500,8200,tier_split_tier5,0.0,0.0,0.0,0.0,0.0,0.0,1.0,0.0,0.0,0.0,0.0,0.0,0.0,0.0,0.0,0.0,0.0,0.0,0.0,1.0,0.0,0.0,1.0,0.0,0.0,0.0,0.0,0.0,0.0,1.0,1.0,0.0,0.0,1.0,5.0,70499.0,0.11,0.14,0.9,0.9,1.0,1.03,80000.0,0.0,1.0,1.0
L0038,L0038,manual,val,Tier 5,2700,3400,tier_split_tier5,0.0,1.0,0.0,0.0,0.0,0.0,0.0,0.0,0.0,0.0,0.0,0.0,0.0,0.0,0.0,0.0,1.0,0.0,0.0,0.0,0.0,1.0,0.0,0.0,0.0,0.0,0.0,1.0,0.0,0.0,0.0,0.0,1.0,1.0,11.0,45459.0,0.11,0.14,0.7,0.7,1.05,1.05,7000.0,0.0,1.0,1.0
L0043,L0043,manual,train,Tier 5,5700,7200,tier_split_tier5,0.0,0.0,0.0,0.0,0.0,0.0,0.0,1.0,0.0,0.0,0.0,0.0,0.0,0.0,0.0,1.0,0.0,0.0,0.0,0.0,0.0,0.0,0.0,0.0,1.0,0.0,1.0,0.0,0.0,0.0,0.0,0.0,1.0,1.0,8.0,79999.0,0.11,0.14,0.7,0.8,1.1,1.05,30000.0,150000.0,0.0,1.0
L0051,L0051,manual,train,Tier 5,8400,10800,tier_split_tier5,0.0,0.0,0.0,0.0,0.0,0.0,0.0,0.0,1.0,0.0,0.0,0.0,0.0,0.0,1.0,0.0,0.0,0.0,0.0,0.0,0.0,0.0,0.0,0.0,1.0,1.0,0.0,0.0,0.0,0.0,1.0,0.0,0.0,1.0,6.0,85999.0,0.11,0.14,0.9,0.9,1.05,1.05,35000.0,0.0,1.0,1.0
L0061,L0061,manual,train,Tier 5,11800,15000,tier_split_tier5,0.0,0.0,0.0,0.0,0.0,1.0,0.0,0.0,0.0,0.0,0.0,0.0,0.0,0.0,0.0,0.0,1.0,0.0,0.0,0.0,0.0,1.0,0.0,0.0,0.0,0.0,1.0,0.0,0.0,0.0,1.0,0.0,0.0,1.0,6.0,120000.0,0.11,0.14,0.9,0.9,1.05,1.05,50000.0,0.0,1.0,1.0
L0064,L0064,manual,train,Tier 5,10800,13800,tier_split_tier5,0.0,0.0,0.0,0.0,0.0,0.0,0.0,0.0,0.0,0.0,0.0,0.0,0.0,1.0,1.0,0.0,0.0,0.0,0.0,0.0,0.0,0.0,0.0,0.0,1.0,0.0,1.0,0.0,0.0,0.0,1.0,0.0,0.0,1.0,5.0,110000.0,0.11,0.14,0.9,0.9,1.05,1.05,35000.0,0.0,1.0,1.0
L0080,L0080,manual,train,Tier 5,1800,2300,tier_split_tier5,1.0,0.0,0.0,0.0,0.0,0.0,0.0,0.0,0.0,0.0,0.0,0.0,0.0,0.0,0.0,1.0,0.0,0.0,0.0,0.0,0.0,0.0,0.0,0.0,1.0,0.0,0.0,1.0,0.0,0.0,1.0,0.0,0.0,1.0,10.0,19499.0,0.11,0.14,0.9,0.8,1.1,1.05,10000.0,0.0,1.0,1.0
L0093,L0093,manual,train,Tier 5,6600,8400,tier_split_tier5,0.0,0.0,0.0,0.0,0.0,0.0,0.0,0.0,1.0,0.0,0.0,0.0,0.0,0.0,1.0,0.0,0.0,0.0,0.0,0.0,0.0,0.0,0.0,0.0,1.0,0.0,1.0,0.0,0.0,0.0,1.0,0.0,0.0,1.0,8.0,75499.0,0.11,0.14,0.9,0.8,1.05,1.05,35000.0,0.0,1.0,1.0
L0097,L0097,manual,val,Tier 5,4800,6100,tier_split_tier5,0.0,0.0,0.0,0.0,0.0,0.0,0.0,0.0,0.0,0.0,0.0,1.0,0.0,0.0,0.0,0.0,0.0,1.0,0.0,0.0,0.0,0.0,0.0,0.0,1.0,1.0,0.0,0.0,0.0,0.0,1.0,0.0,0.0,1.0,8.0,51999.0,0.11,0.14,0.9,0.8,1.1,1.05,60000.0,0.0,1.0,1.0
L0098,L0098,manual,val,Tier 5,5100,6500,tier_split_tier5,0.0,0.0,0.0,0.0,0.0,0.0,0.0,0.0,0.0,0.0,1.0,0.0,0.0,0.0,0.0,1.0,0.0,0.0,0.0,0.0,0.0,0.0,0.0,0.0,1.0,1.0,0.0,0.0,0.0,0.0,1.0,0.0,0.0,1.0,5.0,49999.0,0.11,0.14,0.9,0.9,1.1,1.05,30000.0,0.0,1.0,1.0
L0100,L0100,manual,train,Tier 5,10300,13100,tier_split_tier5,0.0,1.0,0.0,0.0,0.0,0.0,0.0,0.0,0.0,0.0,0.0,0.0,0.0,0.0,0.0,1.0,0.0,0.0,0.0,0.0,0.0,0.0,0.0,1.0,0.0,1.0,0.0,0.0,0.0,0.0,0.0,1.0,0.0,1.0,2.0,85000.0,0.11,0.14,1.0,1.0,1.1,1.0,7000.0,0.0,1.0,1.0
L0108,L0108,manual,val,Tier 5,2700,3400,tier_split_tier5,0.0,1.0,0.0,0.0,0.0,0.0,0.0,0.0,0.0,0.0,0.0,0.0,0.0,0.0,0.0,0.0,1.0,0.0,0.0,0.0,0.0,1.0,0.0,0.0,0.0,0.0,0.0,1.0,0.0,0.0,0.0,0.0,1.0,1.0,11.0,45459.0,0.11,0.14,0.7,0.7,1.05,1.05,7000.0,0.0,1.0,1.0
L0117,L0117,manual,val,Tier 5,1800,2300,tier_split_tier5,1.0,0.0,0.0,0.0,0.0,0.0,0.0,0.0,0.0,0.0,0.0,0.0,0.0,0.0,0.0,0.0,0.0,1.0,0.0,0.0,0.0,0.0,0.0,0.0,1.0,0.0,0.0,1.0,0.0,0.0,1.0,0.0,0.0,1.0,10.0,19499.0,0.11,0.14,0.9,0.8,1.1,1.05,10000.0,0.0,1.0,1.0
L0123,L0123,manual,train,Tier 5,4800,6100,tier_split_tier5,0.0,0.0,0.0,0.0,0.0,0.0,0.0,0.0,0.0,0.0,0.0,1.0,0.0,0.0,0.0,0.0,0.0,1.0,0.0,0.0,0.0,0.0,0.0,0.0,1.0,1.0,0.0,0.0,0.0,0.0,1.0,0.0,0.0,1.0,8.0,51999.0,0.11,0.14,0.9,0.8,1.1,1.05,60000.0,0.0,1.0,1.0
L0124,L0124,manual,train,Tier 5,7500,9600,tier_split_tier5,0.0,0.0,0.0,0.0,0.0,1.0,0.0,0.0,0.0,0.0,0.0,0.0,0.0,0.0,0.0,0.0,1.0,0.0,0.0,0.0,0.0,1.0,0.0,0.0,0.0,0.0,0.0,1.0,0.0,0.0,0.0,1.0,0.0,1.0,1.0,61999.0,0.11,0.14,1.0,1.0,1.05,1.05,50000.0,0.0,1.0,1.0
L0140,L0140,manual,train,Tier 5,8400,10800,tier_split_tier5,0.0,0.0,0.0,0.0,0.0,0.0,0.0,0.0,1.0,0.0,0.0,0.0,0.0,0.0,1.0,0.0,0.0,0.0,0.0,0.0,0.0,0.0,0.0,0.0,1.0,0.0,0.0,1.0,0.0,0.0,1.0,0.0,0.0,1.0,6.0,85999.0,0.11,0.14,0.9,0.9,1.05,1.05,35000.0,0.0,1.0,1.0
L0142,L0142,manual,train,Tier 5,6500,8200,tier_split_tier5,0.0,0.0,0.0,0.0,0.0,0.0,1.0,0.0,0.0,0.0,0.0,0.0,0.0,0.0,0.0,0.0,0.0,0.0,0.0,1.0,0.0,0.0,1.0,0.0,0.0,0.0,0.0,0.0,0.0,1.0,1.0,0.0,0.0,1.0,5.0,70499.0,0.11,0.14,0.9,0.9,1.0,1.03,80000.0,0.0,1.0,1.0
L0143,L0143,manual,train,Tier 5,6600,8400,tier_split_tier5,0.0,0.0,0.0,0.0,0.0,0.0,0.0,0.0,1.0,0.0,0.0,0.0,0.0,0.0,1.0,0.0,0.0,0.0,0.0,0.0,0.0,0.0,0.0,0.0,1.0,0.0,1.0,0.0,0.0,0.0,1.0,0.0,0.0,1.0,8.0,75499.0,0.11,0.14,0.9,0.8,1.05,1.05,35000.0,0.0,1.0,1.0
L0153,L0153,manual,train,Tier 5,9300,11800,tier_split_tier5,0.0,0.0,0.0,0.0,0.0,0.0,0.0,0.0,0.0,0.0,0.0,1.0,0.0,0.0,0.0,0.0,0.0,1.0,0.0,0.0,0.0,0.0,0.0,0.0,1.0,0.0,1.0,0.0,0.0,0.0,1.0,0.0,0.0,1.0,4.0,89999.0,0.11,0.14,0.9,0.9,1.1,1.05,60000.0,0.0,1.0,1.0
L0154,L0154,manual,train,Tier 5,5700,7200,tier_split_tier5,0.0,0.0,0.0,0.0,0.0,0.0,0.0,1.0,0.0,0.0,0.0,0.0,0.0,0.0,0.0,0.0,0.0,1.0,0.0,0.0,0.0,0.0,0.0,0.0,1.0,0.0,1.0,0.0,0.0,0.0,0.0,0.0,1.0,1.0,8.0,79999.0,0.11,0.14,0.7,0.8,1.1,1.05,30000.0,150000.0,0.0,1.0
L0173,L0173,manual,train,Tier 5,10300,13100,tier_split_tier5,0.0,1.0,0.0,0.0,0.0,0.0,0.0,0.0,0.0,0.0,0.0,0.0,0.0,0.0,0.0,1.0,0.0,0.0,0.0,0.0,0.0,0.0,0.0,1.0,0.0,1.0,0.0,0.0,0.0,0.0,0.0,1.0,0.0,1.0,2.0,85000.0,0.11,0.14,1.0,1.0,1.1,1.0,7000.0,0.0,1.0,1.0
L0174,L0174,manual,train,Tier 5,10800,13800,tier_split_tier5,0.0,0.0,0.0,0.0,0.0,0.0,0.0,0.0,0.0,0.0,0.0,0.0,0.0,1.0,1.0,0.0,0.0,0.0,0.0,0.0,0.0,0.0,0.0,0.0,1.0,0.0,1.0,0.0,0.0,0.0,1.0,0.0,0.0,1.0,5.0,110000.0,0.11,0.14,0.9,0.9,1.05,1.05,35000.0,0.0,1.0,1.0
L0177,L0177,manual,val,Tier 5,9300,11900,tier_split_tier5,0.0,0.0,0.0,0.0,0.0,0.0,0.0,0.0,1.0,0.0,0.0,0.0,0.0,0.0,1.0,0.0,0.0,0.0,0.0,0.0,0.0,0.0,0.0,0.0,1.0,0.0,0.0,1.0,0.0,0.0,1.0,0.0,0.0,1.0,4.0,95000.0,0.11,0.14,0.9,0.9,1.05,1.05,35000.0,0.0,1.0,1.0
L0180,L0180,manual,train,Tier 5,10200,13000,tier_split_tier5,0.0,0.0,0.0,0.0,0.0,0.0,1.0,0.0,0.0,0.0,0.0,0.0,0.0,0.0,0.0,0.0,1.0,0.0,0.0,0.0,0.0,1.0,0.0,0.0,0.0,0.0,1.0,0.0,0.0,0.0,0.0,0.0,1.0,1.0,10.0,150000.0,0.11,0.14,0.7,0.8,1.05,1.05,80000.0,0.0,1.0,1.0
L0183,L0183,manual,train,Tier 5,11800,15000,tier_split_tier5,0.0,0.0,0.0,0.0,0.0,1.0,0.0,0.0,0.0,0.0,0.0,0.0,0.0,0.0,0.0,0.0,1.0,0.0,0.0,0.0,0.0,1.0,0.0,0.0,0.0,0.0,1.0,0.0,0.0,0.0,1.0,0.0,0.0,1.0,6.0,120000.0,0.11,0.14,0.9,0.9,1.05,1.05,50000.0,0.0,1.0,1.0
L0192,L0192,manual,train,Tier 5,7200,9200,tier_split_tier5,0.0,0.0,0.0,0.0,0.0,0.0,0.0,0.0,0.0,0.0,0.0,0.0,1.0,0.0,0.0,0.0,0.0,0.0,1.0,0.0,0.0,0.0,0.0,0.0,1.0,0.0,0.0,1.0,0.0,0.0,1.0,0.0,0.0,1.0,6.0,69999.0,0.11,0.14,0.9,0.9,1.1,1.05,40000.0,0.0,1.0,1.0
L0193,L0193,manual,train,Tier 5,7600,9700,tier_split_tier5,1.0,0.0,0.0,0.0,0.0,0.0,0.0,0.0,0.0,0.0,0.0,0.0,0.0,0.0,0.0,0.0,0.0,0.0,1.0,0.0,0.0,0.0,0.0,0.0,1.0,0.0,1.0,0.0,0.0,0.0,0.0,1.0,0.0,1.0,3.0,59999.0,0.11,0.14,1.0,1.0,1.1,1.05,10000.0,0.0,1.0,1.0
L0197,L0197,manual,val,Tier 5,5100,6500,tier_split_tier5,0.0,0.0,0.0,0.0,0.0,0.0,0.0,0.0,0.0,0.0,1.0,0.0,0.0,0.0,0.0,1.0,0.0,0.0,0.0,0.0,0.0,0.0,0.0,0.0,1.0,1.0,0.0,0.0,0.0,0.0,1.0,0.0,0.0,1.0,5.0,49999.0,0.11,0.14,0.9,0.9,1.1,1.05,30000.0,0.0,1.0,1.0
L0253,L0253,manual,train,Tier 5,2300,2900,tier_split_tier5,0.0,0.0,0.0,0.0,0.0,0.0,0.0,0.0,0.0,1.0,0.0,0.0,0.0,0.0,0.0,0.0,0.0,0.0,1.0,0.0,0.0,0.0,0.0,0.0,1.0,1.0,0.0,0.0,0.0,0.0,0.0,1.0,0.0,1.0,2.0,18000.0,0.11,0.14,1.0,1.0,1.1,1.05,15000.0,90000.0,0.0,1.0
L0254,L0254,manual,train,Tier 5,2300,2900,tier_split_tier5,1.0,0.0,0.0,0.0,0.0,0.0,0.0,0.0,0.0,0.0,0.0,0.0,0.0,0.0,0.0,0.0,0.0,1.0,0.0,0.0,0.0,0.0,0.0,0.0,1.0,0.0,1.0,0.0,0.0,0.0,1.0,0.0,0.0,1.0,5.0,22000.0,0.11,0.14,0.9,0.9,1.1,1.05,10000.0,0.0,1.0,1.0
L0255,L0255,manual,train,Tier 5,1800,2300,tier_split_tier5,0.0,0.0,0.0,0.0,0.0,0.0,0.0,0.0,0.0,0.0,0.0,1.0,0.0,0.0,0.0,0.0,0.0,0.0,1.0,0.0,0.0,0.0,0.0,0.0,1.0,0.0,0.0,1.0,0.0,0.0,0.0,0.0,1.0,1.0,10.0,25000.0,0.11,0.14,0.7,0.8,1.1,1.05,60000.0,0.0,1.0,1.0
L0256,L0256,manual,train,Tier 5,3600,4500,tier_split_tier5,0.0,0.0,0.0,0.0,0.0,0.0,0.0,0.0,0.0,0.0,0.0,0.0,1.0,0.0,0.0,0.0,0.0,1.0,0.0,0.0,0.0,0.0,0.0,0.0,1.0,0.0,1.0,0.0,0.0,0.0,0.0,1.0,0.0,1.0,3.0,28000.0,0.11,0.14,1.0,1.0,1.1,1.05,40000.0,0.0,1.0,1.0
L0257,L0257,manual,val,Tier 5,2200,2800,tier_split_tier5,0.0,0.0,0.0,0.0,0.0,0.0,0.0,0.0,0.0,0.0,1.0,0.0,0.0,0.0,0.0,1.0,0.0,0.0,0.0,0.0,0.0,0.0,0.0,0.0,1.0,1.0,0.0,0.0,0.0,0.0,1.0,0.0,0.0,1.0,7.0,24000.0,0.11,0.14,0.9,0.8,1.1,1.05,30000.0,0.0,1.0,1.0
L0258,L0258,manual,val,Tier 5,1600,2100,tier_split_tier5,0.0,0.0,0.0,0.0,0.0,0.0,0.0,0.0,0.0,0.0,0.0,0.0,0.0,0.0,0.0,0.0,0.0,1.0,0.0,0.0,0.0,0.0,0.0,0.0,1.0,0.0,1.0,0.0,0.0,0.0,0.0,0.0,1.0,1.0,12.0,26000.0,0.11,0.14,0.7,0.7,1.1,1.05,45000.0,0.0,1.0,1.0
L0259,L0259,manual,test,Tier 5,3600,4600,tier_split_tier5,0.0,0.0,0.0,0.0,0.0,1.0,0.0,0.0,0.0,0.0,0.0,0.0,0.0,0.0,0.0,0.0,1.0,0.0,0.0,0.0,0.0,1.0,0.0,0.0,0.0,1.0,0.0,0.0,0.0,0.0,0.0,1.0,0.0,1.0,2.0,30000.0,0.11,0.14,1.0,1.0,1.05,1.05,50000.0,0.0,1.0,1.0
L0260,L0260,manual,train,Tier 5,3100,4000,tier_split_tier5,0.0,0.0,0.0,0.0,0.0,0.0,1.0,0.0,0.0,0.0,0.0,0.0,0.0,0.0,0.0,0.0,1.0,0.0,0.0,0.0,0.0,1.0,0.0,0.0,0.0,0.0,1.0,0.0,0.0,0.0,1.0,0.0,0.0,1.0,4.0,32000.0,0.11,0.14,0.9,0.9,1.05,1.05,80000.0,0.0,1.0,1.0
L0261,L0261,manual,train,Tier 5,1800,2300,tier_split_tier5,0.0,0.0,0.0,0.0,0.0,0.0,0.0,0.0,1.0,0.0,0.0,0.0,0.0,0.0,1.0,0.0,0.0,0.0,0.0,0.0,0.0,0.0,0.0,0.0,1.0,0.0,0.0,1.0,0.0,0.0,0.0,0.0,1.0,1.0,9.0,27000.0,0.11,0.14,0.7,0.8,1.05,1.05,35000.0,0.0,1.0,1.0
L0262,L0262,manual,train,Tier 5,1900,2500,tier_split_tier5,0.0,1.0,0.0,0.0,0.0,0.0,0.0,0.0,0.0,0.0,0.0,0.0,0.0,0.0,0.0,0.0,0.0,0.0,0.0,1.0,0.0,0.0,1.0,0.0,0.0,0.0,1.0,0.0,0.0,0.0,1.0,0.0,0.0,1.0,6.0,21000.0,0.11,0.14,0.9,0.9,1.0,1.03,7000.0,0.0,1.0,1.0
L0263,L0263,manual,train,Tier 5,3500,4500,tier_split_tier5,0.0,0.0,0.0,0.0,0.0,0.0,0.0,0.0,0.0,0.0,0.0,0.0,0.0,1.0,1.0,0.0,0.0,0.0,0.0,0.0,0.0,0.0,0.0,0.0,1.0,1.0,0.0,0.0,0.0,0.0,0.0,1.0,0.0,1.0,1.0,29000.0,0.11,0.14,1.0,1.0,1.05,1.05,35000.0,0.0,1.0,1.0
L0264,L0264,manual,train,Tier 5,1500,1900,tier_split_tier5,0.0,0.0,0.0,1.0,0.0,0.0,0.0,0.0,0.0,0.0,0.0,0.0,0.0,0.0,0.0,0.0,1.0,0.0,0.0,0.0,1.0,0.0,0.0,0.0,0.0,0.0,1.0,0.0,0.0,0.0,0.0,0.0,1.0,1.0,11.0,26000.0,0.11,0.14,0.7,0.7,1.05,1.0,40000.0,0.0,1.0,1.0
L0265,L0265,manual,train,Tier 5,3000,3900,tier_split_tier5,0.0,0.0,1.0,0.0,0.0,0.0,0.0,0.0,0.0,0.0,0.0,0.0,0.0,0.0,0.0,0.0,1.0,0.0,0.0,0.0,0.0,1.0,0.0,0.0,0.0,1.0,0.0,0.0,0.0,0.0,1.0,0.0,0.0,1.0,5.0,31000.0,0.11,0.14,0.9,0.9,1.05,1.05,70000.0,0.0,1.0,1.0
L0266,L0266,manual,train,Tier 5,3400,4300,tier_split_tier5,0.0,0.0,0.0,0.0,1.0,0.0,0.0,0.0,0.0,0.0,0.0,0.0,0.0,0.0,1.0,0.0,0.0,0.0,0.0,0.0,0.0,0.0,0.0,0.0,1.0,0.0,0.0,1.0,0.0,0.0,0.0,1.0,0.0,1.0,3.0,28000.0,0.11,0.14,1.0,1.0,1.05,1.05,20000.0,0.0,1.0,1.0
L0296,L0296,manual,train,Tier 5,2100,2600,tier_split_tier5,0.0,0.0,0.0,0.0,0.0,0.0,0.0,0.0,0.0,1.0,0.0,0.0,0.0,0.0,0.0,0.0,0.0,0.0,1.0,0.0,0.0,0.0,0.0,0.0,1.0,0.0,1.0,0.0,0.0,0.0,1.0,0.0,0.0,1.0,5.0,20000.0,0.11,0.14,0.9,0.9,1.1,1.05,15000.0,90000.0,0.0,1.0
L0297,L0297,manual,val,Tier 5,2900,3700,tier_split_tier5,1.0,0.0,0.0,0.0,0.0,0.0,0.0,0.0,0.0,0.0,0.0,0.0,0.0,0.0,0.0,0.0,0.0,1.0,0.0,0.0,0.0,0.0,0.0,0.0,1.0,0.0,0.0,1.0,0.0,0.0,0.0,1.0,0.0,1.0,2.0,23000.0,0.11,0.14,1.0,1.0,1.1,1.05,10000.0,0.0,1.0,1.0
L0298,L0298,manual,val,Tier 5,1700,2100,tier_split_tier5,0.0,0.0,0.0,0.0,0.0,0.0,0.0,0.0,0.0,0.0,0.0,1.0,0.0,0.0,0.0,0.0,0.0,0.0,1.0,0.0,0.0,0.0,0.0,0.0,1.0,1.0,0.0,0.0,0.0,0.0,0.0,0.0,1.0,1.0,11.0,27000.0,0.11,0.14,0.7,0.7,1.1,1.05,60000.0,0.0,1.0,1.0
L0299,L0299,manual,test,Tier 5,3100,4000,tier_split_tier5,0.0,0.0,0.0,0.0,0.0,1.0,0.0,0.0,0.0,0.0,0.0,0.0,0.0,0.0,0.0,0.0,1.0,0.0,0.0,0.0,0.0,1.0,0.0,0.0,0.0,0.0,1.0,0.0,0.0,0.0,1.0,0.0,0.0,1.0,6.0,32000.0,0.11,0.14,0.9,0.9,1.05,1.05,50000.0,0.0,1.0,1.0
L0300,L0300,manual,train,Tier 5,3500,4500,tier_split_tier5,0.0,0.0,0.0,0.0,0.0,0.0,0.0,0.0,1.0,0.0,0.0,0.0,0.0,0.0,1.0,0.0,0.0,0.0,0.0,0.0,0.0,0.0,0.0,0.0,1.0,0.0,0.0,1.0,0.0,0.0,0.0,1.0,0.0,1.0,1.0,29000.0,0.11,0.14,1.0,1.0,1.05,1.05,35000.0,0.0,1.0,1.0
L0321,L0321,manual,train,Tier 5,2700,3400,tier_split_tier5,0.0,0.0,0.0,0.0,0.0,0.0,0.0,0.0,0.0,1.0,0.0,0.0,0.0,0.0,0.0,0.0,0.0,0.0,1.0,0.0,0.0,0.0,0.0,0.0,1.0,1.0,0.0,0.0,0.0,0.0,0.0,1.0,0.0,1.0,3.0,21000.0,0.11,0.14,1.0,1.0,1.1,1.05,15000.0,90000.0,0.0,1.0
L0322,L0322,manual,train,Tier 5,2900,3700,tier_split_tier5,0.0,0.0,0.0,0.0,0.0,0.0,0.0,0.0,0.0,0.0,0.0,0.0,1.0,0.0,0.0,0.0,0.0,1.0,0.0,0.0,0.0,0.0,0.0,0.0,1.0,0.0,1.0,0.0,0.0,0.0,1.0,0.0,0.0,1.0,6.0,28000.0,0.11,0.14,0.9,0.9,1.1,1.05,40000.0,0.0,1.0,1.0
L0323,L0323,manual,train,Tier 5,1600,2000,tier_split_tier5,0.0,0.0,0.0,0.0,0.0,0.0,0.0,0.0,0.0,0.0,1.0,0.0,0.0,0.0,0.0,1.0,0.0,0.0,0.0,0.0,0.0,0.0,0.0,0.0,1.0,0.0,0.0,1.0,0.0,0.0,0.0,0.0,1.0,1.0,12.0,25000.0,0.11,0.14,0.7,0.7,1.1,1.05,30000.0,0.0,1.0,1.0
L0324,L0324,manual,train,Tier 5,3200,4100,tier_split_tier5,0.0,0.0,0.0,0.0,0.0,0.0,1.0,0.0,0.0,0.0,0.0,0.0,0.0,0.0,0.0,0.0,1.0,0.0,0.0,0.0,0.0,1.0,0.0,0.0,0.0,1.0,0.0,0.0,0.0,0.0,1.0,0.0,0.0,1.0,5.0,33000.0,0.11,0.14,0.9,0.9,1.05,1.05,80000.0,0.0,1.0,1.0
L0325,L0325,manual,train,Tier 5,3600,4600,tier_split_tier5,0.0,0.0,0.0,0.0,0.0,0.0,0.0,0.0,0.0,0.0,0.0,0.0,0.0,1.0,1.0,0.0,0.0,0.0,0.0,0.0,0.0,0.0,0.0,0.0,1.0,0.0,1.0,0.0,0.0,0.0,0.0,1.0,0.0,1.0,2.0,30000.0,0.11,0.14,1.0,1.0,1.05,1.05,35000.0,0.0,1.0,1.0
L0346,L0346,manual,train,Tier 5,2300,2900,tier_split_tier5,0.0,0.0,0.0,0.0,0.0,0.0,0.0,0.0,0.0,1.0,0.0,0.0,0.0,0.0,0.0,0.0,0.0,0.0,1.0,0.0,0.0,0.0,0.0,0.0,1.0,0.0,0.0,1.0,0.0,0.0,1.0,0.0,0.0,1.0,6.0,22000.0,0.11,0.14,0.9,0.9,1.1,1.05,15000.0,90000.0,0.0,1.0
L0347,L0347,manual,val,Tier 5,1500,1900,tier_split_tier5,1.0,0.0,0.0,0.0,0.0,0.0,0.0,0.0,0.0,0.0,0.0,0.0,0.0,0.0,0.0,0.0,0.0,1.0,0.0,0.0,0.0,0.0,0.0,0.0,1.0,0.0,1.0,0.0,0.0,0.0,0.0,0.0,1.0,1.0,12.0,24000.0,0.11,0.14,0.7,0.7,1.1,1.05,10000.0,0.0,1.0,1.0
L0348,L0348,manual,val,Tier 5,3600,4500,tier_split_tier5,0.0,0.0,0.0,0.0,0.0,0.0,0.0,0.0,0.0,0.0,0.0,1.0,0.0,0.0,0.0,0.0,0.0,0.0,1.0,0.0,0.0,0.0,0.0,0.0,1.0,1.0,0.0,0.0,0.0,0.0,0.0,1.0,0.0,1.0,2.0,28000.0,0.11,0.14,1.0,1.0,1.1,1.05,60000.0,0.0,1.0,1.0
L0349,L0349,manual,test,Tier 5,3100,4000,tier_split_tier5,0.0,0.0,0.0,0.0,0.0,1.0,0.0,0.0,0.0,0.0,0.0,0.0,0.0,0.0,0.0,0.0,1.0,0.0,0.0,0.0,0.0,1.0,0.0,0.0,0.0,0.0,1.0,0.0,0.0,0.0,1.0,0.0,0.0,1.0,5.0,32000.0,0.11,0.14,0.9,0.9,1.05,1.05,50000.0,0.0,1.0,1.0
L0350,L0350,manual,train,Tier 5,2000,2600,tier_split_tier5,0.0,0.0,0.0,0.0,0.0,0.0,0.0,0.0,1.0,0.0,0.0,0.0,0.0,0.0,1.0,0.0,0.0,0.0,0.0,0.0,0.0,0.0,0.0,0.0,1.0,0.0,0.0,1.0,0.0,0.0,0.0,0.0,1.0,1.0,9.0,30000.0,0.11,0.14,0.7,0.8,1.05,1.05,35000.0,0.0,1.0,1.0
L0371,L0371,manual,train,Tier 5,3000,3900,tier_split_tier5,0.0,0.0,0.0,0.0,0.0,0.0,0.0,0.0,0.0,1.0,0.0,0.0,0.0,0.0,0.0,0.0,0.0,0.0,1.0,0.0,0.0,0.0,0.0,0.0,1.0,1.0,0.0,0.0,0.0,0.0,0.0,1.0,0.0,1.0,2.0,24000.0,0.11,0.14,1.0,1.0,1.1,1.05,15000.0,90000.0,0.0,1.0
L0372,L0372,manual,train,Tier 5,2700,3400,tier_split_tier5,1.0,0.0,0.0,0.0,0.0,0.0,0.0,0.0,0.0,0.0,0.0,0.0,0.0,0.0,0.0,0.0,0.0,1.0,0.0,0.0,0.0,0.0,0.0,0.0,1.0,0.0,1.0,0.0,0.0,0.0,1.0,0.0,0.0,1.0,6.0,26000.0,0.11,0.14,0.9,0.9,1.1,1.05,10000.0,0.0,1.0,1.0
L0373,L0373,manual,train,Tier 5,1800,2300,tier_split_tier5,0.0,0.0,0.0,0.0,0.0,0.0,0.0,0.0,0.0,0.0,0.0,0.0,1.0,0.0,0.0,0.0,0.0,1.0,0.0,0.0,0.0,0.0,0.0,0.0,1.0,0.0,0.0,1.0,0.0,0.0,0.0,0.0,1.0,1.0,12.0,29000.0,0.11,0.14,0.7,0.7,1.1,1.05,40000.0,0.0,1.0,1.0
L0374,L0374,manual,train,Tier 5,4200,5400,tier_split_tier5,0.0,0.0,0.0,0.0,0.0,0.0,1.0,0.0,0.0,0.0,0.0,0.0,0.0,0.0,0.0,0.0,1.0,0.0,0.0,0.0,0.0,1.0,0.0,0.0,0.0,0.0,1.0,0.0,0.0,0.0,0.0,1.0,0.0,1.0,1.0,35000.0,0.11,0.14,1.0,1.0,1.05,1.05,80000.0,0.0,1.0,1.0
L0375,L0375,manual,train,Tier 5,2500,3200,tier_split_tier5,0.0,0.0,0.0,1.0,0.0,0.0,0.0,0.0,0.0,0.0,0.0,0.0,0.0,0.0,0.0,0.0,1.0,0.0,0.0,0.0,1.0,0.0,0.0,0.0,0.0,1.0,0.0,0.0,0.0,0.0,1.0,0.0,0.0,1.0,5.0,27000.0,0.11,0.14,0.9,0.9,1.05,1.0,40000.0,0.0,1.0,1.0
L0377,L0017,synthetic,val,Tier 5,19200,24400,tier_split_tier5,0.0,0.0,0.0,0.0,0.0,0.0,0.0,0.0,0.0,0.0,0.0,1.0,0.0,0.0,0.0,0.0,0.0,0.0,1.0,0.0,0.0,0.0,0.0,0.0,1.0,1.0,0.0,0.0,0.0,0.0,0.0,1.0,0.0,1.0,1.0,151169.0,0.11,0.14,1.0,1.0,1.1,1.05,60000.0,0.0,1.0,1.0
L0378,L0004,synthetic,train,Tier 5,6600,8400,tier_split_tier5,0.0,0.0,0.0,0.0,0.0,1.0,0.0,0.0,0.0,0.0,0.0,0.0,0.0,0.0,0.0,0.0,1.0,0.0,0.0,0.0,0.0,1.0,0.0,0.0,0.0,0.0,0.0,1.0,0.0,0.0,1.0,0.0,0.0,1.0,1.0,60255.0,0.11,0.14,0.9,1.0,1.05,1.05,50000.0,0.0,1.0,1.0
L0380,L0374,synthetic,train,Tier 5,4200,5300,tier_split_tier5,0.0,0.0,0.0,0.0,0.0,0.0,1.0,0.0,0.0,0.0,0.0,0.0,0.0,0.0,0.0,0.0,1.0,0.0,0.0,0.0,0.0,1.0,0.0,0.0,0.0,0.0,1.0,0.0,0.0,0.0,0.0,1.0,0.0,1.0,1.0,34377.0,0.11,0.14,1.0,1.0,1.05,1.05,80000.0,0.0,1.0,1.0
L0396,L0374,synthetic,train,Tier 5,3900,5000,tier_split_tier5,0.0,0.0,0.0,0.0,0.0,0.0,1.0,0.0,0.0,0.0,0.0,0.0,0.0,0.0,0.0,0.0,1.0,0.0,0.0,0.0,0.0,1.0,0.0,0.0,0.0,0.0,1.0,0.0,0.0,0.0,1.0,0.0,0.0,1.0,4.0,40204.0,0.11,0.14,0.9,0.9,1.05,1.05,80000.0,0.0,1.0,1.0
L0398,L0037,synthetic,val,Tier 5,4700,6000,tier_split_tier5,0.0,0.0,0.0,0.0,0.0,0.0,1.0,0.0,0.0,0.0,0.0,0.0,0.0,0.0,0.0,0.0,0.0,0.0,0.0,1.0,0.0,0.0,1.0,0.0,0.0,0.0,0.0,0.0,0.0,1.0,0.0,0.0,1.0,1.0,5.0,66117.0,0.11,0.14,0.7,0.9,1.0,1.03,80000.0,0.0,1.0,1.0
L0399,L0296,synthetic,train,Tier 5,1800,2300,tier_split_tier5,0.0,0.0,0.0,0.0,0.0,0.0,0.0,0.0,0.0,1.0,0.0,0.0,0.0,0.0,0.0,0.0,0.0,0.0,1.0,0.0,0.0,0.0,0.0,0.0,1.0,0.0,1.0,0.0,0.0,0.0,1.0,0.0,0.0,1.0,9.0,19798.0,0.11,0.14,0.9,0.8,1.1,1.05,15000.0,90000.0,0.0,1.0
L0401,L0373,synthetic,train,Tier 5,1400,1800,tier_split_tier5,0.0,0.0,0.0,0.0,0.0,0.0,0.0,0.0,0.0,0.0,0.0,0.0,1.0,0.0,0.0,0.0,0.0,1.0,0.0,0.0,0.0,0.0,0.0,0.0,1.0,0.0,0.0,1.0,0.0,0.0,0.0,0.0,1.0,1.0,16.0,27020.0,0.11,0.14,0.7,0.6,1.1,1.05,40000.0,0.0,1.0,1.0
L0402,L0143,synthetic,train,Tier 5,5800,7300,tier_split_tier5,0.0,0.0,0.0,0.0,0.0,0.0,0.0,0.0,1.0,0.0,0.0,0.0,0.0,0.0,1.0,0.0,0.0,0.0,0.0,0.0,0.0,0.0,0.0,0.0,1.0,0.0,1.0,0.0,0.0,0.0,1.0,0.0,0.0,1.0,12.0,75472.0,0.11,0.14,0.9,0.7,1.05,1.05,35000.0,0.0,1.0,1.0
L0405,L0375,synthetic,train,Tier 5,1600,2000,tier_split_tier5,0.0,0.0,0.0,1.0,0.0,0.0,0.0,0.0,0.0,0.0,0.0,0.0,0.0,0.0,0.0,0.0,1.0,0.0,0.0,0.0,1.0,0.0,0.0,0.0,0.0,0.0,0.0,0.0,0.0,1.0,0.0,0.0,1.0,1.0,8.0,24888.0,0.11,0.14,0.7,0.8,1.05,1.0,40000.0,0.0,1.0,1.0
L0406,L0297,synthetic,val,Tier 5,2400,3000,tier_split_tier5,1.0,0.0,0.0,0.0,0.0,0.0,0.0,0.0,0.0,0.0,0.0,0.0,0.0,0.0,0.0,0.0,0.0,1.0,0.0,0.0,0.0,0.0,0.0,0.0,1.0,0.0,0.0,1.0,0.0,0.0,1.0,0.0,0.0,1.0,1.0,20595.0,0.11,0.14,0.9,1.0,1.1,1.05,10000.0,0.0,1.0,1.0
L0408,L0021,synthetic,train,Tier 5,5100,6500,tier_split_tier5,0.0,0.0,0.0,0.0,0.0,0.0,0.0,0.0,0.0,0.0,0.0,0.0,1.0,0.0,0.0,0.0,0.0,0.0,1.0,0.0,0.0,0.0,0.0,0.0,1.0,0.0,1.0,0.0,0.0,0.0,0.0,0.0,1.0,1.0,7.0,72282.0,0.11,0.14,0.7,0.8,1.1,1.05,40000.0,0.0,1.0,1.0
L0410,L0038,synthetic,val,Tier 5,3100,4000,tier_split_tier5,0.0,1.0,0.0,0.0,0.0,0.0,0.0,0.0,0.0,0.0,0.0,0.0,0.0,0.0,0.0,0.0,1.0,0.0,0.0,0.0,0.0,1.0,0.0,0.0,0.0,0.0,0.0,1.0,0.0,0.0,0.0,0.0,1.0,1.0,13.0,52230.0,0.11,0.14,0.7,0.7,1.05,1.05,7000.0,0.0,1.0,1.0
L0411,L0140,synthetic,train,Tier 5,6100,7800,tier_split_tier5,0.0,0.0,0.0,0.0,0.0,0.0,0.0,0.0,1.0,0.0,0.0,0.0,0.0,0.0,1.0,0.0,0.0,0.0,0.0,0.0,0.0,0.0,0.0,0.0,1.0,0.0,0.0,1.0,0.0,0.0,0.0,0.0,1.0,1.0,5.0,80407.0,0.11,0.14,0.7,0.9,1.05,1.05,35000.0,0.0,1.0,1.0
L0415,L0108,synthetic,val,Tier 5,2900,3700,tier_split_tier5,0.0,1.0,0.0,0.0,0.0,0.0,0.0,0.0,0.0,0.0,0.0,0.0,0.0,0.0,0.0,0.0,1.0,0.0,0.0,0.0,0.0,1.0,0.0,0.0,0.0,0.0,0.0,1.0,0.0,0.0,0.0,0.0,1.0,1.0,14.0,49579.0,0.11,0.14,0.7,0.7,1.05,1.05,7000.0,0.0,1.0,1.0
L0416,L0080,synthetic,train,Tier 5,1300,1700,tier_split_tier5,1.0,0.0,0.0,0.0,0.0,0.0,0.0,0.0,0.0,0.0,0.0,0.0,0.0,0.0,0.0,1.0,0.0,0.0,0.0,0.0,0.0,0.0,0.0,0.0,1.0,0.0,1.0,0.0,0.0,0.0,0.0,0.0,1.0,1.0,14.0,21370.0,0.11,0.14,0.7,0.7,1.1,1.05,10000.0,0.0,1.0,1.0
L0419,L0180,synthetic,train,Tier 5,12700,16200,tier_split_tier5,0.0,0.0,0.0,0.0,0.0,0.0,1.0,0.0,0.0,0.0,0.0,0.0,0.0,0.0,0.0,0.0,1.0,0.0,0.0,0.0,0.0,1.0,0.0,0.0,0.0,0.0,1.0,0.0,0.0,0.0,1.0,0.0,0.0,1.0,11.0,166168.0,0.11,0.14,0.9,0.7,1.05,1.05,80000.0,0.0,1.0,1.0
L0421,L0177,synthetic,val,Tier 5,10700,13600,tier_split_tier5,0.0,0.0,0.0,0.0,0.0,0.0,0.0,0.0,1.0,0.0,0.0,0.0,0.0,0.0,1.0,0.0,0.0,0.0,0.0,0.0,0.0,0.0,0.0,0.0,1.0,0.0,0.0,1.0,0.0,0.0,1.0,0.0,0.0,1.0,4.0,108846.0,0.11,0.14,0.9,0.9,1.05,1.05,35000.0,0.0,1.0,1.0
L0422,L0296,synthetic,train,Tier 5,2000,2600,tier_split_tier5,0.0,0.0,0.0,0.0,0.0,0.0,0.0,0.0,0.0,1.0,0.0,0.0,0.0,0.0,0.0,0.0,0.0,0.0,1.0,0.0,0.0,0.0,0.0,0.0,1.0,0.0,1.0,0.0,0.0,0.0,1.0,0.0,0.0,1.0,3.0,17609.0,0.11,0.14,0.9,1.0,1.1,1.05,15000.0,90000.0,0.0,1.0
L0426,L0001,synthetic,train,Tier 5,11900,15100,tier_split_tier5,0.0,0.0,0.0,0.0,0.0,0.0,0.0,0.0,0.0,0.0,0.0,1.0,0.0,0.0,0.0,1.0,0.0,0.0,0.0,0.0,0.0,0.0,0.0,0.0,1.0,0.0,1.0,0.0,0.0,0.0,0.0,1.0,0.0,1.0,3.0,93293.0,0.11,0.14,1.0,1.0,1.1,1.05,60000.0,0.0,1.0,1.0
L0427,L0346,synthetic,train,Tier 5,1800,2300,tier_split_tier5,0.0,0.0,0.0,0.0,0.0,0.0,0.0,0.0,0.0,1.0,0.0,0.0,0.0,0.0,0.0,0.0,0.0,0.0,1.0,0.0,0.0,0.0,0.0,0.0,1.0,0.0,0.0,1.0,0.0,0.0,0.0,0.0,1.0,1.0,7.0,25061.0,0.11,0.14,0.7,0.8,1.1,1.05,15000.0,90000.0,0.0,1.0
L0430,L0323,synthetic,train,Tier 5,2000,2600,tier_split_tier5,0.0,0.0,0.0,0.0,0.0,0.0,0.0,0.0,0.0,0.0,1.0,0.0,0.0,0.0,0.0,1.0,0.0,0.0,0.0,0.0,0.0,0.0,0.0,0.0,1.0,0.0,0.0,1.0,0.0,0.0,1.0,0.0,0.0,1.0,15.0,25337.0,0.11,0.14,0.9,0.7,1.1,1.05,30000.0,0.0,1.0,1.0
L0438,L0140,synthetic,train,Tier 5,9000,11400,tier_split_tier5,0.0,0.0,0.0,0.0,0.0,0.0,0.0,0.0,1.0,0.0,0.0,0.0,0.0,0.0,1.0,0.0,0.0,0.0,0.0,0.0,0.0,0.0,0.0,0.0,1.0,0.0,0.0,1.0,0.0,0.0,1.0,0.0,0.0,1.0,4.0,91210.0,0.11,0.14,0.9,0.9,1.05,1.05,35000.0,0.0,1.0,1.0
L0452,L0254,synthetic,train,Tier 5,2500,3200,tier_split_tier5,1.0,0.0,0.0,0.0,0.0,0.0,0.0,0.0,0.0,0.0,0.0,0.0,0.0,0.0,0.0,0.0,0.0,1.0,0.0,0.0,0.0,0.0,0.0,0.0,1.0,0.0,1.0,0.0,0.0,0.0,1.0,0.0,0.0,1.0,6.0,24099.0,0.11,0.14,0.9,0.9,1.1,1.05,10000.0,0.0,1.0,1.0
L0463,L0051,synthetic,train,Tier 5,7900,10100,tier_split_tier5,0.0,0.0,0.0,0.0,0.0,0.0,0.0,0.0,1.0,0.0,0.0,0.0,0.0,0.0,1.0,0.0,0.0,0.0,0.0,0.0,0.0,0.0,0.0,0.0,1.0,0.0,1.0,0.0,0.0,0.0,1.0,0.0,0.0,1.0,9.0,91014.0,0.11,0.14,0.9,0.8,1.05,1.05,35000.0,0.0,1.0,1.0
L0475,L0097,synthetic,val,Tier 5,5000,6300,tier_split_tier5,0.0,0.0,0.0,0.0,0.0,0.0,0.0,0.0,0.0,0.0,0.0,1.0,0.0,0.0,0.0,0.0,0.0,1.0,0.0,0.0,0.0,0.0,0.0,0.0,1.0,1.0,0.0,0.0,0.0,0.0,1.0,0.0,0.0,1.0,10.0,54540.0,0.11,0.14,0.9,0.8,1.1,1.05,60000.0,0.0,1.0,1.0
L0480,L0142,synthetic,train,Tier 5,6500,8300,tier_split_tier5,0.0,0.0,0.0,0.0,0.0,0.0,1.0,0.0,0.0,0.0,0.0,0.0,0.0,0.0,0.0,0.0,0.0,0.0,0.0,1.0,0.0,0.0,1.0,0.0,0.0,0.0,0.0,0.0,0.0,1.0,1.0,0.0,0.0,1.0,9.0,79822.0,0.11,0.14,0.9,0.8,1.0,1.03,80000.0,0.0,1.0,1.0
L0481,L0297,synthetic,val,Tier 5,2400,3100,tier_split_tier5,1.0,0.0,0.0,0.0,0.0,0.0,0.0,0.0,0.0,0.0,0.0,0.0,0.0,0.0,0.0,0.0,0.0,1.0,0.0,0.0,0.0,0.0,0.0,0.0,1.0,0.0,0.0,0.0,1.0,0.0,1.0,0.0,0.0,1.0,6.0,23585.0,0.11,0.14,0.9,0.9,1.1,1.05,10000.0,0.0,1.0,1.0
L0496,L0255,synthetic,train,Tier 5,2100,2700,tier_split_tier5,0.0,0.0,0.0,0.0,0.0,0.0,0.0,0.0,0.0,0.0,0.0,1.0,0.0,0.0,0.0,0.0,0.0,0.0,1.0,0.0,0.0,0.0,0.0,0.0,1.0,0.0,0.0,1.0,0.0,0.0,1.0,0.0,0.0,1.0,14.0,26098.0,0.11,0.14,0.9,0.7,1.1,1.05,60000.0,0.0,1.0,1.0
L0497,L0098,synthetic,val,Tier 5,3900,4900,tier_split_tier5,0.0,0.0,0.0,0.0,0.0,0.0,0.0,0.0,0.0,0.0,1.0,0.0,0.0,0.0,0.0,1.0,0.0,0.0,0.0,0.0,0.0,0.0,0.0,0.0,1.0,1.0,0.0,0.0,0.0,0.0,0.0,0.0,1.0,1.0,8.0,54360.0,0.11,0.14,0.7,0.8,1.1,1.05,30000.0,0.0,1.0,1.0
L0498,L0322,synthetic,train,Tier 5,2000,2500,tier_split_tier5,0.0,0.0,0.0,0.0,0.0,0.0,0.0,0.0,0.0,0.0,0.0,0.0,1.0,0.0,0.0,0.0,0.0,1.0,0.0,0.0,0.0,0.0,0.0,0.0,1.0,0.0,1.0,0.0,0.0,0.0,0.0,0.0,1.0,1.0,6.0,24892.0,0.11,0.14,0.7,0.9,1.1,1.05,40000.0,0.0,1.0,1.0
L0500,L0140,synthetic,train,Tier 5,8600,10900,tier_split_tier5,0.0,0.0,0.0,0.0,0.0,0.0,0.0,0.0,1.0,0.0,0.0,0.0,0.0,0.0,1.0,0.0,0.0,0.0,0.0,0.0,0.0,0.0,0.0,0.0,1.0,0.0,0.0,1.0,0.0,0.0,1.0,0.0,0.0,1.0,10.0,98142.0,0.11,0.14,0.9,0.8,1.05,1.05,35000.0,0.0,1.0,1.0
L0507,L0373,synthetic,train,Tier 5,2600,3300,tier_split_tier5,0.0,0.0,0.0,0.0,0.0,0.0,0.0,0.0,0.0,0.0,0.0,0.0,1.0,0.0,0.0,0.0,0.0,1.0,0.0,0.0,0.0,0.0,0.0,0.0,1.0,0.0,0.0,1.0,0.0,0.0,1.0,0.0,0.0,1.0,13.0,32048.0,0.11,0.14,0.9,0.7,1.1,1.05,40000.0,0.0,1.0,1.0
L0519,L0325,synthetic,train,Tier 5,3400,4300,tier_split_tier5,0.0,0.0,0.0,0.0,0.0,0.0,0.0,0.0,0.0,0.0,0.0,0.0,0.0,1.0,1.0,0.0,0.0,0.0,0.0,0.0,0.0,0.0,0.0,0.0,1.0,0.0,1.0,0.0,0.0,0.0,1.0,0.0,0.0,1.0,5.0,34456.0,0.11,0.14,0.9,0.9,1.05,1.05,35000.0,0.0,1.0,1.0
L0528,L0180,synthetic,train,Tier 5,9400,12000,tier_split_tier5,0.0,0.0,0.0,0.0,0.0,0.0,1.0,0.0,0.0,0.0,0.0,0.0,0.0,0.0,0.0,0.0,1.0,0.0,0.0,0.0,0.0,1.0,0.0,0.0,0.0,0.0,1.0,0.0,0.0,0.0,0.0,0.0,1.0,1.0,14.0,158622.0,0.11,0.14,0.7,0.7,1.05,1.05,80000.0,0.0,1.0,1.0
L0537,L0100,synthetic,train,Tier 5,10200,13000,tier_split_tier5,0.0,1.0,0.0,0.0,0.0,0.0,0.0,0.0,0.0,0.0,0.0,0.0,0.0,0.0,0.0,1.0,0.0,0.0,0.0,0.0,0.0,0.0,0.0,1.0,0.0,0.0,0.0,1.0,0.0,0.0,1.0,0.0,0.0,1.0,2.0,93595.0,0.11,0.14,0.9,1.0,1.1,1.0,7000.0,0.0,1.0,1.0
L0553,L0260,synthetic,train,Tier 5,2200,2800,tier_split_tier5,0.0,0.0,0.0,0.0,0.0,0.0,1.0,0.0,0.0,0.0,0.0,0.0,0.0,0.0,0.0,0.0,1.0,0.0,0.0,0.0,0.0,1.0,0.0,0.0,0.0,0.0,1.0,0.0,0.0,0.0,0.0,0.0,1.0,1.0,8.0,32709.0,0.11,0.14,0.7,0.8,1.05,1.05,80000.0,0.0,1.0,1.0
L0556,L0123,synthetic,train,Tier 5,4700,6000,tier_split_tier5,0.0,0.0,0.0,0.0,0.0,0.0,0.0,0.0,0.0,0.0,0.0,1.0,0.0,0.0,0.0,0.0,0.0,1.0,0.0,0.0,0.0,0.0,0.0,0.0,1.0,1.0,0.0,0.0,0.0,0.0,1.0,0.0,0.0,1.0,12.0,58451.0,0.11,0.14,0.9,0.7,1.1,1.05,60000.0,0.0,1.0,1.0
L0559,L0265,synthetic,train,Tier 5,3200,4100,tier_split_tier5,0.0,0.0,1.0,0.0,0.0,0.0,0.0,0.0,0.0,0.0,0.0,0.0,0.0,0.0,0.0,0.0,1.0,0.0,0.0,0.0,0.0,1.0,0.0,0.0,0.0,0.0,0.0,1.0,0.0,0.0,1.0,0.0,0.0,1.0,3.0,29563.0,0.11,0.14,0.9,1.0,1.05,1.05,70000.0,0.0,1.0,1.0
L0561,L0192,synthetic,train,Tier 5,8000,10100,tier_split_tier5,0.0,0.0,0.0,0.0,0.0,0.0,0.0,0.0,0.0,0.0,0.0,0.0,1.0,0.0,0.0,0.0,0.0,0.0,1.0,0.0,0.0,0.0,0.0,0.0,1.0,0.0,0.0,1.0,0.0,0.0,1.0,0.0,0.0,1.0,6.0,77459.0,0.11,0.14,0.9,0.9,1.1,1.05,40000.0,0.0,1.0,1.0
L0566,L0001,synthetic,train,Tier 5,10600,13500,tier_split_tier5,0.0,0.0,0.0,0.0,0.0,0.0,0.0,0.0,0.0,0.0,0.0,1.0,0.0,0.0,0.0,1.0,0.0,0.0,0.0,0.0,0.0,0.0,0.0,0.0,1.0,0.0,1.0,0.0,0.0,0.0,0.0,1.0,0.0,1.0,3.0,83751.0,0.11,0.14,1.0,1.0,1.1,1.05,60000.0,0.0,1.0,1.0
L0568,L0177,synthetic,val,Tier 5,7000,8900,tier_split_tier5,0.0,0.0,0.0,0.0,0.0,0.0,0.0,0.0,1.0,0.0,0.0,0.0,0.0,0.0,1.0,0.0,0.0,0.0,0.0,0.0,0.0,0.0,0.0,0.0,1.0,0.0,0.0,1.0,0.0,0.0,0.0,0.0,1.0,1.0,7.0,103389.0,0.11,0.14,0.7,0.8,1.05,1.05,35000.0,0.0,1.0,1.0
L0574,L0266,synthetic,train,Tier 5,2800,3500,tier_split_tier5,0.0,0.0,0.0,0.0,1.0,0.0,0.0,0.0,0.0,0.0,0.0,0.0,0.0,0.0,1.0,0.0,0.0,0.0,0.0,0.0,0.0,0.0,0.0,0.0,1.0,0.0,0.0,1.0,0.0,0.0,1.0,0.0,0.0,1.0,1.0,25237.0,0.11,0.14,0.9,1.0,1.05,1.05,20000.0,0.0,1.0,1.0
L0579,L0348,synthetic,val,Tier 5,3900,4900,tier_split_tier5,0.0,0.0,0.0,0.0,0.0,0.0,0.0,0.0,0.0,0.0,0.0,1.0,0.0,0.0,0.0,0.0,0.0,0.0,1.0,0.0,0.0,0.0,0.0,0.0,1.0,1.0,0.0,0.0,0.0,0.0,0.0,1.0,0.0,1.0,2.0,30409.0,0.11,0.14,1.0,1.0,1.1,1.05,60000.0,0.0,1.0,1.0
L0587,L0038,synthetic,val,Tier 5,2700,3400,tier_split_tier5,0.0,1.0,0.0,0.0,0.0,0.0,0.0,0.0,0.0,0.0,0.0,0.0,0.0,0.0,0.0,0.0,1.0,0.0,0.0,0.0,0.0,1.0,0.0,0.0,0.0,0.0,0.0,1.0,0.0,0.0,0.0,0.0,1.0,1.0,11.0,45527.0,0.11,0.14,0.7,0.7,1.05,1.05,7000.0,0.0,1.0,1.0
L0589,L0266,synthetic,train,Tier 5,3800,4900,tier_split_tier5,0.0,0.0,0.0,0.0,1.0,0.0,0.0,0.0,0.0,0.0,0.0,0.0,0.0,0.0,1.0,0.0,0.0,0.0,0.0,0.0,0.0,0.0,0.0,0.0,1.0,0.0,0.0,1.0,0.0,0.0,0.0,1.0,0.0,1.0,2.0,31707.0,0.11,0.14,1.0,1.0,1.05,1.05,20000.0,0.0,1.0,1.0
L0593,L0296,synthetic,train,Tier 5,1600,2000,tier_split_tier5,0.0,0.0,0.0,0.0,0.0,0.0,0.0,0.0,0.0,1.0,0.0,0.0,0.0,0.0,0.0,0.0,0.0,0.0,1.0,0.0,0.0,0.0,0.0,0.0,1.0,0.0,1.0,0.0,0.0,0.0,0.0,0.0,1.0,1.0,4.0,19850.0,0.11,0.14,0.7,0.9,1.1,1.05,15000.0,90000.0,0.0,1.0
L0599,L0296,synthetic,train,Tier 5,1600,2100,tier_split_tier5,0.0,0.0,0.0,0.0,0.0,0.0,0.0,0.0,0.0,1.0,0.0,0.0,0.0,0.0,0.0,0.0,0.0,0.0,1.0,0.0,0.0,0.0,0.0,0.0,1.0,0.0,1.0,0.0,0.0,0.0,0.0,0.0,1.0,1.0,4.0,20291.0,0.11,0.14,0.7,0.9,1.1,1.05,15000.0,90000.0,0.0,1.0
L0600,L0255,synthetic,train,Tier 5,1800,2300,tier_split_tier5,0.0,0.0,0.0,0.0,0.0,0.0,0.0,0.0,0.0,0.0,0.0,1.0,0.0,0.0,0.0,0.0,0.0,0.0,1.0,0.0,0.0,0.0,0.0,0.0,1.0,0.0,0.0,1.0,0.0,0.0,0.0,0.0,1.0,1.0,11.0,28525.0,0.11,0.14,0.7,0.7,1.1,1.05,60000.0,0.0,1.0,1.0
L0607,L0260,synthetic,train,Tier 5,2300,3000,tier_split_tier5,0.0,0.0,0.0,0.0,0.0,0.0,1.0,0.0,0.0,0.0,0.0,0.0,0.0,0.0,0.0,0.0,1.0,0.0,0.0,0.0,0.0,1.0,0.0,0.0,0.0,0.0,0.0,0.0,0.0,1.0,0.0,0.0,1.0,1.0,5.0,30750.0,0.11,0.14,0.7,0.9,1.05,1.05,80000.0,0.0,1.0,1.0
L0609,L0299,synthetic,test,Tier 5,2300,2900,tier_split_tier5,0.0,0.0,0.0,0.0,0.0,1.0,0.0,0.0,0.0,0.0,0.0,0.0,0.0,0.0,0.0,0.0,1.0,0.0,0.0,0.0,0.0,1.0,0.0,0.0,0.0,0.0,1.0,0.0,0.0,0.0,0.0,0.0,1.0,1.0,8.0,33515.0,0.11,0.14,0.7,0.8,1.05,1.05,50000.0,0.0,1.0,1.0
L0610,L0017,synthetic,val,Tier 5,13200,16800,tier_split_tier5,0.0,0.0,0.0,0.0,0.0,0.0,0.0,0.0,0.0,0.0,0.0,1.0,0.0,0.0,0.0,0.0,0.0,0.0,1.0,0.0,0.0,0.0,0.0,0.0,1.0,1.0,0.0,0.0,0.0,0.0,1.0,0.0,0.0,1.0,5.0,128341.0,0.11,0.14,0.9,0.9,1.1,1.05,60000.0,0.0,1.0,1.0
L0612,L0266,synthetic,train,Tier 5,3400,4400,tier_split_tier5,0.0,0.0,0.0,0.0,1.0,0.0,0.0,0.0,0.0,0.0,0.0,0.0,0.0,0.0,1.0,0.0,0.0,0.0,0.0,0.0,0.0,0.0,0.0,0.0,1.0,0.0,0.0,1.0,0.0,0.0,0.0,1.0,0.0,1.0,3.0,28256.0,0.11,0.14,1.0,1.0,1.05,1.05,20000.0,0.0,1.0,1.0
L0627,L0264,synthetic,train,Tier 5,1800,2200,tier_split_tier5,0.0,0.0,0.0,1.0,0.0,0.0,0.0,0.0,0.0,0.0,0.0,0.0,0.0,0.0,0.0,0.0,1.0,0.0,0.0,0.0,1.0,0.0,0.0,0.0,0.0,0.0,1.0,0.0,0.0,0.0,1.0,0.0,0.0,1.0,12.0,24177.0,0.11,0.14,0.9,0.7,1.05,1.0,40000.0,0.0,1.0,1.0
L0629,L0006,synthetic,train,Tier 5,11700,14900,tier_split_tier5,0.0,0.0,0.0,0.0,0.0,0.0,1.0,0.0,0.0,0.0,0.0,0.0,0.0,0.0,0.0,0.0,1.0,0.0,0.0,0.0,0.0,1.0,0.0,0.0,0.0,0.0,1.0,0.0,0.0,0.0,1.0,0.0,0.0,1.0,10.0,134516.0,0.11,0.14,0.9,0.8,1.05,1.05,80000.0,0.0,1.0,1.0
L0638,L0297,synthetic,val,Tier 5,2600,3300,tier_split_tier5,1.0,0.0,0.0,0.0,0.0,0.0,0.0,0.0,0.0,0.0,0.0,0.0,0.0,0.0,0.0,0.0,0.0,1.0,0.0,0.0,0.0,0.0,0.0,0.0,1.0,0.0,0.0,1.0,0.0,0.0,0.0,1.0,0.0,1.0,3.0,20636.0,0.11,0.14,1.0,1.0,1.1,1.05,10000.0,0.0,1.0,1.0
L0640,L0374,synthetic,train,Tier 5,4800,6100,tier_split_tier5,0.0,0.0,0.0,0.0,0.0,0.0,1.0,0.0,0.0,0.0,0.0,0.0,0.0,0.0,0.0,0.0,1.0,0.0,0.0,0.0,0.0,1.0,0.0,0.0,0.0,0.0,1.0,0.0,0.0,0.0,0.0,1.0,0.0,1.0,2.0,39223.0,0.11,0.14,1.0,1.0,1.05,1.05,80000.0,0.0,1.0,1.0
L0641,L0350,synthetic,train,Tier 5,2000,2500,tier_split_tier5,0.0,0.0,0.0,0.0,0.0,0.0,0.0,0.0,1.0,0.0,0.0,0.0,0.0,0.0,1.0,0.0,0.0,0.0,0.0,0.0,0.0,0.0,0.0,0.0,1.0,0.0,0.0,0.0,0.0,1.0,0.0,0.0,1.0,1.0,8.0,29217.0,0.11,0.14,0.7,0.8,1.05,1.05,35000.0,0.0,1.0,1.0
L0655,L0061,synthetic,train,Tier 5,7700,9800,tier_split_tier5,0.0,0.0,0.0,0.0,0.0,1.0,0.0,0.0,0.0,0.0,0.0,0.0,0.0,0.0,0.0,0.0,1.0,0.0,0.0,0.0,0.0,1.0,0.0,0.0,0.0,0.0,1.0,0.0,0.0,0.0,0.0,0.0,1.0,1.0,10.0,113460.0,0.11,0.14,0.7,0.8,1.05,1.05,50000.0,0.0,1.0,1.0
L0656,L0123,synthetic,train,Tier 5,3300,4100,tier_split_tier5,0.0,0.0,0.0,0.0,0.0,0.0,0.0,0.0,0.0,0.0,0.0,1.0,0.0,0.0,0.0,0.0,0.0,1.0,0.0,0.0,0.0,0.0,0.0,0.0,1.0,1.0,0.0,0.0,0.0,0.0,0.0,0.0,1.0,1.0,12.0,52305.0,0.11,0.14,0.7,0.7,1.1,1.05,60000.0,0.0,1.0,1.0
L0657,L0263,synthetic,train,Tier 5,3400,4300,tier_split_tier5,0.0,0.0,0.0,0.0,0.0,0.0,0.0,0.0,0.0,0.0,0.0,0.0,0.0,1.0,1.0,0.0,0.0,0.0,0.0,0.0,0.0,0.0,0.0,0.0,1.0,0.0,0.0,0.0,1.0,0.0,1.0,0.0,0.0,1.0,1.0,31176.0,0.11,0.14,0.9,1.0,1.05,1.05,35000.0,0.0,1.0,1.0
L0659,L0300,synthetic,train,Tier 5,3300,4200,tier_split_tier5,0.0,0.0,0.0,0.0,0.0,0.0,0.0,0.0,1.0,0.0,0.0,0.0,0.0,0.0,1.0,0.0,0.0,0.0,0.0,0.0,0.0,0.0,0.0,0.0,1.0,0.0,0.0,1.0,0.0,0.0,0.0,1.0,0.0,1.0,2.0,27056.0,0.11,0.14,1.0,1.0,1.05,1.05,35000.0,0.0,1.0,1.0
L0663,L0004,synthetic,train,Tier 5,4300,5400,tier_split_tier5,0.0,0.0,0.0,0.0,0.0,1.0,0.0,0.0,0.0,0.0,0.0,0.0,0.0,0.0,0.0,0.0,1.0,0.0,0.0,0.0,0.0,1.0,0.0,0.0,0.0,0.0,0.0,1.0,0.0,0.0,0.0,0.0,1.0,1.0,5.0,55697.0,0.11,0.14,0.7,0.9,1.05,1.05,50000.0,0.0,1.0,1.0
L0664,L0259,synthetic,test,Tier 5,3500,4400,tier_split_tier5,0.0,0.0,0.0,0.0,0.0,1.0,0.0,0.0,0.0,0.0,0.0,0.0,0.0,0.0,0.0,0.0,1.0,0.0,0.0,0.0,0.0,1.0,0.0,0.0,0.0,1.0,0.0,0.0,0.0,0.0,1.0,0.0,0.0,1.0,1.0,31801.0,0.11,0.14,0.9,1.0,1.05,1.05,50000.0,0.0,1.0,1.0
L0670,L0043,synthetic,train,Tier 5,5500,7000,tier_split_tier5,0.0,0.0,0.0,0.0,0.0,0.0,0.0,1.0,0.0,0.0,0.0,0.0,0.0,0.0,0.0,1.0,0.0,0.0,0.0,0.0,0.0,0.0,0.0,0.0,1.0,0.0,1.0,0.0,0.0,0.0,0.0,0.0,1.0,1.0,9.0,77554.0,0.11,0.14,0.7,0.8,1.1,1.05,30000.0,150000.0,0.0,1.0
L0684,L0142,synthetic,train,Tier 5,4900,6300,tier_split_tier5,0.0,0.0,0.0,0.0,0.0,0.0,1.0,0.0,0.0,0.0,0.0,0.0,0.0,0.0,0.0,0.0,0.0,0.0,0.0,1.0,0.0,0.0,1.0,0.0,0.0,0.0,0.0,0.0,0.0,1.0,0.0,0.0,1.0,1.0,6.0,68913.0,0.11,0.14,0.7,0.9,1.0,1.03,80000.0,0.0,1.0,1.0
L0685,L0254,synthetic,train,Tier 5,2100,2600,tier_split_tier5,1.0,0.0,0.0,0.0,0.0,0.0,0.0,0.0,0.0,0.0,0.0,0.0,0.0,0.0,0.0,0.0,0.0,1.0,0.0,0.0,0.0,0.0,0.0,0.0,1.0,0.0,1.0,0.0,0.0,0.0,1.0,0.0,0.0,1.0,4.0,20165.0,0.11,0.14,0.9,0.9,1.1,1.05,10000.0,0.0,1.0,1.0
L0692,L0038,synthetic,val,Tier 5,2700,3400,tier_split_tier5,0.0,1.0,0.0,0.0,0.0,0.0,0.0,0.0,0.0,0.0,0.0,0.0,0.0,0.0,0.0,0.0,1.0,0.0,0.0,0.0,0.0,1.0,0.0,0.0,0.0,0.0,0.0,1.0,0.0,0.0,0.0,0.0,1.0,1.0,13.0,44923.0,0.11,0.14,0.7,0.7,1.05,1.05,7000.0,0.0,1.0,1.0
L0696,L0266,synthetic,train,Tier 5,2100,2700,tier_split_tier5,0.0,0.0,0.0,0.0,1.0,0.0,0.0,0.0,0.0,0.0,0.0,0.0,0.0,0.0,1.0,0.0,0.0,0.0,0.0,0.0,0.0,0.0,0.0,0.0,1.0,0.0,0.0,1.0,0.0,0.0,0.0,0.0,1.0,1.0,6.0,28010.0,0.11,0.14,0.7,0.9,1.05,1.05,20000.0,0.0,1.0,1.0
L0699,L0154,synthetic,train,Tier 5,5500,7000,tier_split_tier5,0.0,0.0,0.0,0.0,0.0,0.0,0.0,1.0,0.0,0.0,0.0,0.0,0.0,0.0,0.0,0.0,0.0,1.0,0.0,0.0,0.0,0.0,0.0,0.0,1.0,0.0,1.0,0.0,0.0,0.0,0.0,0.0,1.0,1.0,11.0,88741.0,0.11,0.14,0.7,0.7,1.1,1.05,30000.0,150000.0,0.0,1.0
L0720,L0193,synthetic,train,Tier 5,5200,6600,tier_split_tier5,1.0,0.0,0.0,0.0,0.0,0.0,0.0,0.0,0.0,0.0,0.0,0.0,0.0,0.0,0.0,0.0,0.0,0.0,1.0,0.0,0.0,0.0,0.0,0.0,1.0,0.0,1.0,0.0,0.0,0.0,0.0,0.0,1.0,1.0,6.0,65255.0,0.11,0.14,0.7,0.9,1.1,1.05,10000.0,0.0,1.0,1.0
L0722,L0375,synthetic,train,Tier 5,2300,2900,tier_split_tier5,0.0,0.0,0.0,1.0,0.0,0.0,0.0,0.0,0.0,0.0,0.0,0.0,0.0,0.0,0.0,0.0,1.0,0.0,0.0,0.0,1.0,0.0,0.0,0.0,0.0,0.0,0.0,1.0,0.0,0.0,1.0,0.0,0.0,1.0,9.0,27656.0,0.11,0.14,0.9,0.8,1.05,1.0,40000.0,0.0,1.0,1.0
L0724,L0350,synthetic,train,Tier 5,2900,3600,tier_split_tier5,0.0,0.0,0.0,0.0,0.0,0.0,0.0,0.0,1.0,0.0,0.0,0.0,0.0,0.0,1.0,0.0,0.0,0.0,0.0,0.0,0.0,0.0,0.0,0.0,1.0,0.0,0.0,1.0,0.0,0.0,1.0,0.0,0.0,1.0,7.0,32750.0,0.11,0.14,0.9,0.8,1.05,1.05,35000.0,0.0,1.0,1.0
L0735,L0038,synthetic,val,Tier 5,3700,4700,tier_split_tier5,0.0,1.0,0.0,0.0,0.0,0.0,0.0,0.0,0.0,0.0,0.0,0.0,0.0,0.0,0.0,0.0,1.0,0.0,0.0,0.0,0.0,1.0,0.0,0.0,0.0,0.0,0.0,1.0,0.0,0.0,1.0,0.0,0.0,1.0,9.0,42652.0,0.11,0.14,0.9,0.8,1.05,1.05,7000.0,0.0,1.0,1.0
L0738,L0080,synthetic,train,Tier 5,1300,1700,tier_split_tier5,1.0,0.0,0.0,0.0,0.0,0.0,0.0,0.0,0.0,0.0,0.0,0.0,0.0,0.0,0.0,1.0,0.0,0.0,0.0,0.0,0.0,0.0,0.0,0.0,1.0,0.0,0.0,1.0,0.0,0.0,0.0,0.0,1.0,1.0,11.0,21177.0,0.11,0.14,0.7,0.7,1.1,1.05,10000.0,0.0,1.0,1.0
L0744,L0262,synthetic,train,Tier 5,1600,2000,tier_split_tier5,0.0,1.0,0.0,0.0,0.0,0.0,0.0,0.0,0.0,0.0,0.0,0.0,0.0,0.0,0.0,0.0,0.0,0.0,0.0,1.0,0.0,0.0,1.0,0.0,0.0,0.0,1.0,0.0,0.0,0.0,1.0,0.0,0.0,1.0,7.0,19426.0,0.11,0.14,0.9,0.8,1.0,1.03,7000.0,0.0,1.0,1.0
L0754,L0373,synthetic,train,Tier 5,1700,2200,tier_split_tier5,0.0,0.0,0.0,0.0,0.0,0.0,0.0,0.0,0.0,0.0,0.0,0.0,1.0,0.0,0.0,0.0,0.0,1.0,0.0,0.0,0.0,0.0,0.0,0.0,1.0,0.0,0.0,1.0,0.0,0.0,0.0,0.0,1.0,1.0,11.0,27385.0,0.11,0.14,0.7,0.7,1.1,1.05,40000.0,0.0,1.0,1.0
L0762,L0183,synthetic,train,Tier 5,8700,11100,tier_split_tier5,0.0,0.0,0.0,0.0,0.0,1.0,0.0,0.0,0.0,0.0,0.0,0.0,0.0,0.0,0.0,0.0,1.0,0.0,0.0,0.0,0.0,1.0,0.0,0.0,0.0,0.0,1.0,0.0,0.0,0.0,0.0,0.0,1.0,1.0,4.0,114029.0,0.11,0.14,0.7,0.9,1.05,1.05,50000.0,0.0,1.0,1.0
L0771,L0093,synthetic,train,Tier 5,5800,7300,tier_split_tier5,0.0,0.0,0.0,0.0,0.0,0.0,0.0,0.0,1.0,0.0,0.0,0.0,0.0,0.0,1.0,0.0,0.0,0.0,0.0,0.0,0.0,0.0,0.0,0.0,1.0,0.0,1.0,0.0,0.0,0.0,0.0,0.0,1.0,1.0,10.0,84699.0,0.11,0.14,0.7,0.8,1.05,1.05,35000.0,0.0,1.0,1.0
L0773,L0124,synthetic,train,Tier 5,5100,6500,tier_split_tier5,0.0,0.0,0.0,0.0,0.0,1.0,0.0,0.0,0.0,0.0,0.0,0.0,0.0,0.0,0.0,0.0,1.0,0.0,0.0,0.0,0.0,1.0,0.0,0.0,0.0,0.0,0.0,1.0,0.0,0.0,0.0,0.0,1.0,1.0,5.0,66897.0,0.11,0.14,0.7,0.9,1.05,1.05,50000.0,0.0,1.0,1.0
L0778,L0001,synthetic,train,Tier 5,8500,10800,tier_split_tier5,0.0,0.0,0.0,0.0,0.0,0.0,0.0,0.0,0.0,0.0,0.0,1.0,0.0,0.0,0.0,1.0,0.0,0.0,0.0,0.0,0.0,0.0,0.0,0.0,1.0,0.0,1.0,0.0,0.0,0.0,1.0,0.0,0.0,1.0,6.0,82370.0,0.11,0.14,0.9,0.9,1.1,1.05,60000.0,0.0,1.0,1.0
L0787,L0253,synthetic,train,Tier 5,2000,2600,tier_split_tier5,0.0,0.0,0.0,0.0,0.0,0.0,0.0,0.0,0.0,1.0,0.0,0.0,0.0,0.0,0.0,0.0,0.0,0.0,1.0,0.0,0.0,0.0,0.0,0.0,1.0,0.0,0.0,1.0,0.0,0.0,1.0,0.0,0.0,1.0,4.0,19868.0,0.11,0.14,0.9,0.9,1.1,1.05,15000.0,90000.0,0.0,1.0
L0792,L0153,synthetic,train,Tier 5,11800,15000,tier_split_tier5,0.0,0.0,0.0,0.0,0.0,0.0,0.0,0.0,0.0,0.0,0.0,1.0,0.0,0.0,0.0,0.0,0.0,1.0,0.0,0.0,0.0,0.0,0.0,0.0,1.0,0.0,1.0,0.0,0.0,0.0,0.0,1.0,0.0,1.0,2.0,92556.0,0.11,0.14,1.0,1.0,1.1,1.05,60000.0,0.0,1.0,1.0
L0800,L0265,synthetic,train,Tier 5,3300,4200,tier_split_tier5,0.0,0.0,1.0,0.0,0.0,0.0,0.0,0.0,0.0,0.0,0.0,0.0,0.0,0.0,0.0,0.0,1.0,0.0,0.0,0.0,0.0,1.0,0.0,0.0,0.0,0.0,0.0,0.0,0.0,1.0,1.0,0.0,0.0,1.0,4.0,33618.0,0.11,0.14,0.9,0.9,1.05,1.05,70000.0,0.0,1.0,1.0
L0803,L0142,synthetic,train,Tier 5,6100,7800,tier_split_tier5,0.0,0.0,0.0,0.0,0.0,0.0,1.0,0.0,0.0,0.0,0.0,0.0,0.0,0.0,0.0,0.0,0.0,0.0,0.0,1.0,0.0,0.0,1.0,0.0,0.0,0.0,0.0,0.0,0.0,1.0,1.0,0.0,0.0,1.0,9.0,75371.0,0.11,0.14,0.9,0.8,1.0,1.03,80000.0,0.0,1.0,1.0
L0810,L0265,synthetic,train,Tier 5,1900,2400,tier_split_tier5,0.0,0.0,1.0,0.0,0.0,0.0,0.0,0.0,0.0,0.0,0.0,0.0,0.0,0.0,0.0,0.0,1.0,0.0,0.0,0.0,0.0,1.0,0.0,0.0,0.0,1.0,0.0,0.0,0.0,0.0,0.0,0.0,1.0,1.0,7.0,27829.0,0.11,0.14,0.7,0.8,1.05,1.05,70000.0,0.0,1.0,1.0
L0813,L0124,synthetic,train,Tier 5,8600,10900,tier_split_tier5,0.0,0.0,0.0,0.0,0.0,1.0,0.0,0.0,0.0,0.0,0.0,0.0,0.0,0.0,0.0,0.0,1.0,0.0,0.0,0.0,0.0,1.0,0.0,0.0,0.0,0.0,0.0,1.0,0.0,0.0,0.0,1.0,0.0,1.0,3.0,70638.0,0.11,0.14,1.0,1.0,1.05,1.05,50000.0,0.0,1.0,1.0
L0818,L0347,synthetic,val,Tier 5,1400,1700,tier_split_tier5,1.0,0.0,0.0,0.0,0.0,0.0,0.0,0.0,0.0,0.0,0.0,0.0,0.0,0.0,0.0,0.0,0.0,1.0,0.0,0.0,0.0,0.0,0.0,0.0,1.0,0.0,1.0,0.0,0.0,0.0,0.0,0.0,1.0,1.0,14.0,21783.0,0.11,0.14,0.7,0.7,1.1,1.05,10000.0,0.0,1.0,1.0
L0821,L0124,synthetic,train,Tier 5,7200,9200,tier_split_tier5,0.0,0.0,0.0,0.0,0.0,1.0,0.0,0.0,0.0,0.0,0.0,0.0,0.0,0.0,0.0,0.0,1.0,0.0,0.0,0.0,0.0,1.0,0.0,0.0,0.0,0.0,0.0,0.0,0.0,1.0,1.0,0.0,0.0,1.0,2.0,65955.0,0.11,0.14,0.9,1.0,1.05,1.05,50000.0,0.0,1.0,1.0
L0827,L0100,synthetic,train,Tier 5,6600,8400,tier_split_tier5,0.0,1.0,0.0,0.0,0.0,0.0,0.0,0.0,0.0,0.0,0.0,0.0,0.0,0.0,0.0,1.0,0.0,0.0,0.0,0.0,0.0,0.0,0.0,1.0,0.0,1.0,0.0,0.0,0.0,0.0,0.0,0.0,1.0,1.0,6.0,86960.0,0.11,0.14,0.7,0.9,1.1,1.0,7000.0,0.0,1.0,1.0
L0833,L0177,synthetic,val,Tier 5,12000,15200,tier_split_tier5,0.0,0.0,0.0,0.0,0.0,0.0,0.0,0.0,1.0,0.0,0.0,0.0,0.0,0.0,1.0,0.0,0.0,0.0,0.0,0.0,0.0,0.0,0.0,0.0,1.0,0.0,0.0,1.0,0.0,0.0,0.0,1.0,0.0,1.0,2.0,98699.0,0.11,0.14,1.0,1.0,1.05,1.05,35000.0,0.0,1.0,1.0
L0834,L0153,synthetic,train,Tier 5,6500,8300,tier_split_tier5,0.0,0.0,0.0,0.0,0.0,0.0,0.0,0.0,0.0,0.0,0.0,1.0,0.0,0.0,0.0,0.0,0.0,1.0,0.0,0.0,0.0,0.0,0.0,0.0,1.0,0.0,0.0,0.0,1.0,0.0,0.0,0.0,1.0,1.0,7.0,91935.0,0.11,0.14,0.7,0.8,1.1,1.05,60000.0,0.0,1.0,1.0
L0855,L0006,synthetic,train,Tier 5,10300,13100,tier_split_tier5,0.0,0.0,0.0,0.0,0.0,0.0,1.0,0.0,0.0,0.0,0.0,0.0,0.0,0.0,0.0,0.0,1.0,0.0,0.0,0.0,0.0,1.0,0.0,0.0,0.0,0.0,1.0,0.0,0.0,0.0,0.0,0.0,1.0,1.0,9.0,151006.0,0.11,0.14,0.7,0.8,1.05,1.05,80000.0,0.0,1.0,1.0
L0859,L0001,synthetic,train,Tier 5,8100,10300,tier_split_tier5,0.0,0.0,0.0,0.0,0.0,0.0,0.0,0.0,0.0,0.0,0.0,1.0,0.0,0.0,0.0,1.0,0.0,0.0,0.0,0.0,0.0,0.0,0.0,0.0,1.0,0.0,0.0,0.0,0.0,1.0,0.0,0.0,1.0,1.0,6.0,100829.0,0.11,0.14,0.7,0.9,1.1,1.05,60000.0,0.0,1.0,1.0
L0862,L0325,synthetic,train,Tier 5,2500,3100,tier_split_tier5,0.0,0.0,0.0,0.0,0.0,0.0,0.0,0.0,0.0,0.0,0.0,0.0,0.0,1.0,1.0,0.0,0.0,0.0,0.0,0.0,0.0,0.0,0.0,0.0,1.0,0.0,0.0,1.0,0.0,0.0,0.0,0.0,1.0,1.0,4.0,32087.0,0.11,0.14,0.7,0.9,1.05,1.05,35000.0,0.0,1.0,1.0
L0863,L0253,synthetic,train,Tier 5,1400,1800,tier_split_tier5,0.0,0.0,0.0,0.0,0.0,0.0,0.0,0.0,0.0,1.0,0.0,0.0,0.0,0.0,0.0,0.0,0.0,0.0,1.0,0.0,0.0,0.0,0.0,0.0,1.0,1.0,0.0,0.0,0.0,0.0,0.0,0.0,1.0,1.0,5.0,17829.0,0.11,0.14,0.7,0.9,1.1,1.05,15000.0,90000.0,0.0,1.0
L0864,L0097,synthetic,val,Tier 5,3200,4100,tier_split_tier5,0.0,0.0,0.0,0.0,0.0,0.0,0.0,0.0,0.0,0.0,0.0,1.0,0.0,0.0,0.0,0.0,0.0,1.0,0.0,0.0,0.0,0.0,0.0,0.0,1.0,1.0,0.0,0.0,0.0,0.0,0.0,0.0,1.0,1.0,12.0,52176.0,0.11,0.14,0.7,0.7,1.1,1.05,60000.0,0.0,1.0,1.0
L0868,L0324,synthetic,train,Tier 5,2400,3100,tier_split_tier5,0.0,0.0,0.0,0.0,0.0,0.0,1.0,0.0,0.0,0.0,0.0,0.0,0.0,0.0,0.0,0.0,1.0,0.0,0.0,0.0,0.0,1.0,0.0,0.0,0.0,1.0,0.0,0.0,0.0,0.0,0.0,0.0,1.0,1.0,4.0,31629.0,0.11,0.14,0.7,0.9,1.05,1.05,80000.0,0.0,1.0,1.0
L0870,L0299,synthetic,test,Tier 5,2300,2900,tier_split_tier5,0.0,0.0,0.0,0.0,0.0,1.0,0.0,0.0,0.0,0.0,0.0,0.0,0.0,0.0,0.0,0.0,1.0,0.0,0.0,0.0,0.0,1.0,0.0,0.0,0.0,0.0,1.0,0.0,0.0,0.0,0.0,0.0,1.0,1.0,9.0,33985.0,0.11,0.14,0.7,0.8,1.05,1.05,50000.0,0.0,1.0,1.0
L0872,L0350,synthetic,train,Tier 5,1900,2500,tier_split_tier5,0.0,0.0,0.0,0.0,0.0,0.0,0.0,0.0,1.0,0.0,0.0,0.0,0.0,0.0,1.0,0.0,0.0,0.0,0.0,0.0,0.0,0.0,0.0,0.0,1.0,0.0,0.0,1.0,0.0,0.0,0.0,0.0,1.0,1.0,13.0,32753.0,0.11,0.14,0.7,0.7,1.05,1.05,35000.0,0.0,1.0,1.0
L0874,L0325,synthetic,train,Tier 5,3100,3900,tier_split_tier5,0.0,0.0,0.0,0.0,0.0,0.0,0.0,0.0,0.0,0.0,0.0,0.0,0.0,1.0,1.0,0.0,0.0,0.0,0.0,0.0,0.0,0.0,0.0,0.0,1.0,0.0,1.0,0.0,0.0,0.0,1.0,0.0,0.0,1.0,5.0,31166.0,0.11,0.14,0.9,0.9,1.05,1.05,35000.0,0.0,1.0,1.0
L0875,L0100,synthetic,train,Tier 5,9300,11800,tier_split_tier5,0.0,1.0,0.0,0.0,0.0,0.0,0.0,0.0,0.0,0.0,0.0,0.0,0.0,0.0,0.0,1.0,0.0,0.0,0.0,0.0,0.0,0.0,0.0,1.0,0.0,1.0,0.0,0.0,0.0,0.0,0.0,1.0,0.0,1.0,1.0,76509.0,0.11,0.14,1.0,1.0,1.1,1.0,7000.0,0.0,1.0,1.0
L0878,L0321,synthetic,train,Tier 5,2400,3000,tier_split_tier5,0.0,0.0,0.0,0.0,0.0,0.0,0.0,0.0,0.0,1.0,0.0,0.0,0.0,0.0,0.0,0.0,0.0,0.0,1.0,0.0,0.0,0.0,0.0,0.0,1.0,1.0,0.0,0.0,0.0,0.0,1.0,0.0,0.0,1.0,6.0,22959.0,0.11,0.14,0.9,0.9,1.1,1.05,15000.0,90000.0,0.0,1.0
L0884,L0261,synthetic,train,Tier 5,2500,3200,tier_split_tier5,0.0,0.0,0.0,0.0,0.0,0.0,0.0,0.0,1.0,0.0,0.0,0.0,0.0,0.0,1.0,0.0,0.0,0.0,0.0,0.0,0.0,0.0,0.0,0.0,1.0,0.0,0.0,1.0,0.0,0.0,1.0,0.0,0.0,1.0,7.0,28510.0,0.11,0.14,0.9,0.8,1.05,1.05,35000.0,0.0,1.0,1.0
L0887,L0061,synthetic,train,Tier 5,7300,9300,tier_split_tier5,0.0,0.0,0.0,0.0,0.0,1.0,0.0,0.0,0.0,0.0,0.0,0.0,0.0,0.0,0.0,0.0,1.0,0.0,0.0,0.0,0.0,1.0,0.0,0.0,0.0,0.0,1.0,0.0,0.0,0.0,0.0,0.0,1.0,1.0,9.0,107649.0,0.11,0.14,0.7,0.8,1.05,1.05,50000.0,0.0,1.0,1.0
L0888,L0038,synthetic,val,Tier 5,3000,3800,tier_split_tier5,0.0,1.0,0.0,0.0,0.0,0.0,0.0,0.0,0.0,0.0,0.0,0.0,0.0,0.0,0.0,0.0,1.0,0.0,0.0,0.0,0.0,1.0,0.0,0.0,0.0,0.0,0.0,1.0,0.0,0.0,0.0,0.0,1.0,1.0,13.0,49662.0,0.11,0.14,0.7,0.7,1.05,1.05,7000.0,0.0,1.0,1.0
L0889,L0372,synthetic,train,Tier 5,2600,3400,tier_split_tier5,1.0,0.0,0.0,0.0,0.0,0.0,0.0,0.0,0.0,0.0,0.0,0.0,0.0,0.0,0.0,0.0,0.0,1.0,0.0,0.0,0.0,0.0,0.0,0.0,1.0,0.0,1.0,0.0,0.0,0.0,1.0,0.0,0.0,1.0,7.0,28857.0,0.11,0.14,0.9,0.8,1.1,1.05,10000.0,0.0,1.0,1.0
L0892,L0372,synthetic,train,Tier 5,2800,3600,tier_split_tier5,1.0,0.0,0.0,0.0,0.0,0.0,0.0,0.0,0.0,0.0,0.0,0.0,0.0,0.0,0.0,0.0,0.0,1.0,0.0,0.0,0.0,0.0,0.0,0.0,1.0,0.0,1.0,0.0,0.0,0.0,1.0,0.0,0.0,1.0,6.0,27592.0,0.11,0.14,0.9,0.9,1.1,1.05,10000.0,0.0,1.0,1.0
L0898,L0324,synthetic,train,Tier 5,2400,3100,tier_split_tier5,0.0,0.0,0.0,0.0,0.0,0.0,1.0,0.0,0.0,0.0,0.0,0.0,0.0,0.0,0.0,0.0,1.0,0.0,0.0,0.0,0.0,1.0,0.0,0.0,0.0,1.0,0.0,0.0,0.0,0.0,0.0,0.0,1.0,1.0,7.0,35894.0,0.11,0.14,0.7,0.8,1.05,1.05,80000.0,0.0,1.0,1.0
L0900,L0257,synthetic,val,Tier 5,1900,2500,tier_split_tier5,0.0,0.0,0.0,0.0,0.0,0.0,0.0,0.0,0.0,0.0,1.0,0.0,0.0,0.0,0.0,1.0,0.0,0.0,0.0,0.0,0.0,0.0,0.0,0.0,1.0,1.0,0.0,0.0,0.0,0.0,1.0,0.0,0.0,1.0,8.0,21189.0,0.11,0.14,0.9,0.8,1.1,1.05,30000.0,0.0,1.0,1.0
L0904,L0021,synthetic,train,Tier 5,5700,7300,tier_split_tier5,0.0,0.0,0.0,0.0,0.0,0.0,0.0,0.0,0.0,0.0,0.0,0.0,1.0,0.0,0.0,0.0,0.0,0.0,1.0,0.0,0.0,0.0,0.0,0.0,1.0,0.0,0.0,1.0,0.0,0.0,0.0,0.0,1.0,1.0,4.0,71453.0,0.11,0.14,0.7,0.9,1.1,1.05,40000.0,0.0,1.0,1.0
L0906,L0193,synthetic,train,Tier 5,6800,8600,tier_split_tier5,1.0,0.0,0.0,0.0,0.0,0.0,0.0,0.0,0.0,0.0,0.0,0.0,0.0,0.0,0.0,0.0,0.0,0.0,1.0,0.0,0.0,0.0,0.0,0.0,1.0,0.0,1.0,0.0,0.0,0.0,1.0,0.0,0.0,1.0,5.0,66038.0,0.11,0.14,0.9,0.9,1.1,1.05,10000.0,0.0,1.0,1.0
L0920,L0061,synthetic,train,Tier 5,8700,11100,tier_split_tier5,0.0,0.0,0.0,0.0,0.0,1.0,0.0,0.0,0.0,0.0,0.0,0.0,0.0,0.0,0.0,0.0,1.0,0.0,0.0,0.0,0.0,1.0,0.0,0.0,0.0,0.0,1.0,0.0,0.0,0.0,0.0,0.0,1.0,1.0,7.0,127884.0,0.11,0.14,0.7,0.8,1.05,1.05,50000.0,0.0,1.0,1.0
L0922,L0349,synthetic,test,Tier 5,3400,4400,tier_split_tier5,0.0,0.0,0.0,0.0,0.0,1.0,0.0,0.0,0.0,0.0,0.0,0.0,0.0,0.0,0.0,0.0,1.0,0.0,0.0,0.0,0.0,1.0,0.0,0.0,0.0,0.0,1.0,0.0,0.0,0.0,1.0,0.0,0.0,1.0,4.0,34932.0,0.11,0.14,0.9,0.9,1.05,1.05,50000.0,0.0,1.0,1.0
L0925,L0261,synthetic,train,Tier 5,1900,2400,tier_split_tier5,0.0,0.0,0.0,0.0,0.0,0.0,0.0,0.0,1.0,0.0,0.0,0.0,0.0,0.0,1.0,0.0,0.0,0.0,0.0,0.0,0.0,0.0,0.0,0.0,1.0,0.0,0.0,1.0,0.0,0.0,0.0,0.0,1.0,1.0,9.0,28236.0,0.11,0.14,0.7,0.8,1.05,1.05,35000.0,0.0,1.0,1.0
L0929,L0266,synthetic,train,Tier 5,3100,4000,tier_split_tier5,0.0,0.0,0.0,0.0,1.0,0.0,0.0,0.0,0.0,0.0,0.0,0.0,0.0,0.0,1.0,0.0,0.0,0.0,0.0,0.0,0.0,0.0,0.0,0.0,1.0,0.0,0.0,1.0,0.0,0.0,1.0,0.0,0.0,1.0,1.0,28500.0,0.11,0.14,0.9,1.0,1.05,1.05,20000.0,0.0,1.0,1.0
L0937,L0325,synthetic,train,Tier 5,2500,3200,tier_split_tier5,0.0,0.0,0.0,0.0,0.0,0.0,0.0,0.0,0.0,0.0,0.0,0.0,0.0,1.0,1.0,0.0,0.0,0.0,0.0,0.0,0.0,0.0,0.0,0.0,1.0,0.0,1.0,0.0,0.0,0.0,0.0,0.0,1.0,1.0,5.0,32881.0,0.11,0.14,0.7,0.9,1.05,1.05,35000.0,0.0,1.0,1.0
L0951,L0154,synthetic,train,Tier 5,4900,6300,tier_split_tier5,0.0,0.0,0.0,0.0,0.0,0.0,0.0,1.0,0.0,0.0,0.0,0.0,0.0,0.0,0.0,0.0,0.0,1.0,0.0,0.0,0.0,0.0,0.0,0.0,1.0,0.0,1.0,0.0,0.0,0.0,0.0,0.0,1.0,1.0,12.0,79004.0,0.11,0.14,0.7,0.7,1.1,1.05,30000.0,150000.0,0.0,1.0
L0955,L0117,synthetic,val,Tier 5,1200,1500,tier_split_tier5,1.0,0.0,0.0,0.0,0.0,0.0,0.0,0.0,0.0,0.0,0.0,0.0,0.0,0.0,0.0,0.0,0.0,1.0,0.0,0.0,0.0,0.0,0.0,0.0,1.0,0.0,0.0,1.0,0.0,0.0,0.0,0.0,1.0,1.0,13.0,18567.0,0.11,0.14,0.7,0.7,1.1,1.05,10000.0,0.0,1.0,1.0
L0964,L0001,synthetic,train,Tier 5,6200,7900,tier_split_tier5,0.0,0.0,0.0,0.0,0.0,0.0,0.0,0.0,0.0,0.0,0.0,1.0,0.0,0.0,0.0,1.0,0.0,0.0,0.0,0.0,0.0,0.0,0.0,0.0,1.0,0.0,1.0,0.0,0.0,0.0,0.0,0.0,1.0,1.0,8.0,87555.0,0.11,0.14,0.7,0.8,1.1,1.05,60000.0,0.0,1.0,1.0
L0966,L0004,synthetic,train,Tier 5,7800,9900,tier_split_tier5,0.0,0.0,0.0,0.0,0.0,1.0,0.0,0.0,0.0,0.0,0.0,0.0,0.0,0.0,0.0,0.0,1.0,0.0,0.0,0.0,0.0,1.0,0.0,0.0,0.0,0.0,0.0,1.0,0.0,0.0,0.0,1.0,0.0,1.0,1.0,63943.0,0.11,0.14,1.0,1.0,1.05,1.05,50000.0,0.0,1.0,1.0
L0969,L0373,synthetic,train,Tier 5,2100,2700,tier_split_tier5,0.0,0.0,0.0,0.0,0.0,0.0,0.0,0.0,0.0,0.0,0.0,0.0,1.0,0.0,0.0,0.0,0.0,1.0,0.0,0.0,0.0,0.0,0.0,0.0,1.0,0.0,0.0,1.0,0.0,0.0,0.0,0.0,1.0,1.0,10.0,29385.0,0.11,0.14,0.7,0.8,1.1,1.05,40000.0,0.0,1.0,1.0
L0970,L0256,synthetic,train,Tier 5,2200,2800,tier_split_tier5,0.0,0.0,0.0,0.0,0.0,0.0,0.0,0.0,0.0,0.0,0.0,0.0,1.0,0.0,0.0,0.0,0.0,1.0,0.0,0.0,0.0,0.0,0.0,0.0,1.0,0.0,0.0,0.0,1.0,0.0,0.0,0.0,1.0,1.0,6.0,27137.0,0.11,0.14,0.7,0.9,1.1,1.05,40000.0,0.0,1.0,1.0
L0974,L0349,synthetic,test,Tier 5,2200,2800,tier_split_tier5,0.0,0.0,0.0,0.0,0.0,1.0,0.0,0.0,0.0,0.0,0.0,0.0,0.0,0.0,0.0,0.0,1.0,0.0,0.0,0.0,0.0,1.0,0.0,0.0,0.0,0.0,0.0,1.0,0.0,0.0,0.0,0.0,1.0,1.0,4.0,28524.0,0.11,0.14,0.7,0.9,1.05,1.05,50000.0,0.0,1.0,1.0
L0986,L0098,synthetic,val,Tier 5,3700,4700,tier_split_tier5,0.0,0.0,0.0,0.0,0.0,0.0,0.0,0.0,0.0,0.0,1.0,0.0,0.0,0.0,0.0,1.0,0.0,0.0,0.0,0.0,0.0,0.0,0.0,0.0,1.0,1.0,0.0,0.0,0.0,0.0,0.0,0.0,1.0,1.0,6.0,46080.0,0.11,0.14,0.7,0.9,1.1,1.05,30000.0,0.0,1.0,1.0
L0998,L0372,synthetic,train,Tier 5,2100,2700,tier_split_tier5,1.0,0.0,0.0,0.0,0.0,0.0,0.0,0.0,0.0,0.0,0.0,0.0,0.0,0.0,0.0,0.0,0.0,1.0,0.0,0.0,0.0,0.0,0.0,0.0,1.0,0.0,1.0,0.0,0.0,0.0,0.0,0.0,1.0,1.0,6.0,26514.0,0.11,0.14,0.7,0.9,1.1,1.05,10000.0,0.0,1.0,1.0
L1000,L0262,synthetic,train,Tier 5,1500,1900,tier_split_tier5,0.0,1.0,0.0,0.0,0.0,0.0,0.0,0.0,0.0,0.0,0.0,0.0,0.0,0.0,0.0,0.0,0.0,0.0,0.0,1.0,0.0,0.0,1.0,0.0,0.0,0.0,1.0,0.0,0.0,0.0,1.0,0.0,0.0,1.0,8.0,18694.0,0.11,0.14,0.9,0.8,1.0,1.03,7000.0,0.0,1.0,1.0
L1010,L0177,synthetic,val,Tier 5,9600,12200,tier_split_tier5,0.0,0.0,0.0,0.0,0.0,0.0,0.0,0.0,1.0,0.0,0.0,0.0,0.0,0.0,1.0,0.0,0.0,0.0,0.0,0.0,0.0,0.0,0.0,0.0,1.0,0.0,0.0,1.0,0.0,0.0,1.0,0.0,0.0,1.0,2.0,87941.0,0.11,0.14,0.9,1.0,1.05,1.05,35000.0,0.0,1.0,1.0
L1012,L0080,synthetic,train,Tier 5,1300,1700,tier_split_tier5,1.0,0.0,0.0,0.0,0.0,0.0,0.0,0.0,0.0,0.0,0.0,0.0,0.0,0.0,0.0,1.0,0.0,0.0,0.0,0.0,0.0,0.0,0.0,0.0,1.0,0.0,0.0,1.0,0.0,0.0,0.0,0.0,1.0,1.0,14.0,21053.0,0.11,0.14,0.7,0.7,1.1,1.05,10000.0,0.0,1.0,1.0
L1016,L0010,synthetic,train,Tier 5,7100,9000,tier_split_tier5,1.0,0.0,0.0,0.0,0.0,0.0,0.0,0.0,0.0,0.0,0.0,0.0,0.0,0.0,0.0,0.0,0.0,0.0,1.0,0.0,0.0,0.0,0.0,0.0,1.0,0.0,1.0,0.0,0.0,0.0,1.0,0.0,0.0,1.0,6.0,68671.0,0.11,0.14,0.9,0.9,1.1,1.05,10000.0,0.0,1.0,1.0
L1019,L0257,synthetic,val,Tier 5,2100,2700,tier_split_tier5,0.0,0.0,0.0,0.0,0.0,0.0,0.0,0.0,0.0,0.0,1.0,0.0,0.0,0.0,0.0,1.0,0.0,0.0,0.0,0.0,0.0,0.0,0.0,0.0,1.0,1.0,0.0,0.0,0.0,0.0,0.0,0.0,1.0,1.0,5.0,26814.0,0.11,0.14,0.7,0.9,1.1,1.05,30000.0,0.0,1.0,1.0
L1037,L0064,synthetic,train,Tier 5,9400,12000,tier_split_tier5,0.0,0.0,0.0,0.0,0.0,0.0,0.0,0.0,0.0,0.0,0.0,0.0,0.0,1.0,1.0,0.0,0.0,0.0,0.0,0.0,0.0,0.0,0.0,0.0,1.0,0.0,1.0,0.0,0.0,0.0,1.0,0.0,0.0,1.0,8.0,107579.0,0.11,0.14,0.9,0.8,1.05,1.05,35000.0,0.0,1.0,1.0
L1038,L0262,synthetic,train,Tier 5,1900,2400,tier_split_tier5,0.0,1.0,0.0,0.0,0.0,0.0,0.0,0.0,0.0,0.0,0.0,0.0,0.0,0.0,0.0,0.0,0.0,0.0,0.0,1.0,0.0,0.0,1.0,0.0,0.0,0.0,1.0,0.0,0.0,0.0,1.0,0.0,0.0,1.0,5.0,20638.0,0.11,0.14,0.9,0.9,1.0,1.03,7000.0,0.0,1.0,1.0
L1040,L0374,synthetic,train,Tier 5,3900,5000,tier_split_tier5,0.0,0.0,0.0,0.0,0.0,0.0,1.0,0.0,0.0,0.0,0.0,0.0,0.0,0.0,0.0,0.0,1.0,0.0,0.0,0.0,0.0,1.0,0.0,0.0,0.0,0.0,1.0,0.0,0.0,0.0,0.0,1.0,0.0,1.0,2.0,32508.0,0.11,0.14,1.0,1.0,1.05,1.05,80000.0,0.0,1.0,1.0
L1042,L0253,synthetic,train,Tier 5,1400,1800,tier_split_tier5,0.0,0.0,0.0,0.0,0.0,0.0,0.0,0.0,0.0,1.0,0.0,0.0,0.0,0.0,0.0,0.0,0.0,0.0,1.0,0.0,0.0,0.0,0.0,0.0,1.0,1.0,0.0,0.0,0.0,0.0,0.0,0.0,1.0,1.0,4.0,18045.0,0.11,0.14,0.7,0.9,1.1,1.05,15000.0,90000.0,0.0,1.0
L1049,L0323,synthetic,train,Tier 5,1900,2400,tier_split_tier5,0.0,0.0,0.0,0.0,0.0,0.0,0.0,0.0,0.0,0.0,1.0,0.0,0.0,0.0,0.0,1.0,0.0,0.0,0.0,0.0,0.0,0.0,0.0,0.0,1.0,0.0,0.0,1.0,0.0,0.0,0.0,0.0,1.0,1.0,10.0,26648.0,0.11,0.14,0.7,0.8,1.1,1.05,30000.0,0.0,1.0,1.0
L1055,L0371,synthetic,train,Tier 5,2600,3300,tier_split_tier5,0.0,0.0,0.0,0.0,0.0,0.0,0.0,0.0,0.0,1.0,0.0,0.0,0.0,0.0,0.0,0.0,0.0,0.0,1.0,0.0,0.0,0.0,0.0,0.0,1.0,1.0,0.0,0.0,0.0,0.0,1.0,0.0,0.0,1.0,1.0,22377.0,0.11,0.14,0.9,1.0,1.1,1.05,15000.0,90000.0,0.0,1.0
L1059,L0174,synthetic,train,Tier 5,10000,12800,tier_split_tier5,0.0,0.0,0.0,0.0,0.0,0.0,0.0,0.0,0.0,0.0,0.0,0.0,0.0,1.0,1.0,0.0,0.0,0.0,0.0,0.0,0.0,0.0,0.0,0.0,1.0,0.0,0.0,0.0,0.0,1.0,1.0,0.0,0.0,1.0,9.0,114789.0,0.11,0.14,0.9,0.8,1.05,1.05,35000.0,0.0,1.0,1.0
L1064,L0265,synthetic,train,Tier 5,2700,3400,tier_split_tier5,0.0,0.0,1.0,0.0,0.0,0.0,0.0,0.0,0.0,0.0,0.0,0.0,0.0,0.0,0.0,0.0,1.0,0.0,0.0,0.0,0.0,1.0,0.0,0.0,0.0,1.0,0.0,0.0,0.0,0.0,1.0,0.0,0.0,1.0,4.0,27586.0,0.11,0.14,0.9,0.9,1.05,1.05,70000.0,0.0,1.0,1.0
L1067,L0142,synthetic,train,Tier 5,5200,6700,tier_split_tier5,0.0,0.0,0.0,0.0,0.0,0.0,1.0,0.0,0.0,0.0,0.0,0.0,0.0,0.0,0.0,0.0,0.0,0.0,0.0,1.0,0.0,0.0,1.0,0.0,0.0,0.0,0.0,0.0,0.0,1.0,1.0,0.0,0.0,1.0,9.0,64279.0,0.11,0.14,0.9,0.8,1.0,1.03,80000.0,0.0,1.0,1.0
L1070,L0015,synthetic,train,Tier 5,8200,10400,tier_split_tier5,0.0,0.0,0.0,0.0,0.0,0.0,0.0,0.0,1.0,0.0,0.0,0.0,0.0,0.0,1.0,0.0,0.0,0.0,0.0,0.0,0.0,0.0,0.0,0.0,1.0,0.0,0.0,1.0,0.0,0.0,1.0,0.0,0.0,1.0,7.0,93439.0,0.11,0.14,0.9,0.8,1.05,1.05,35000.0,0.0,1.0,1.0
L1089,L0197,synthetic,val,Tier 5,4400,5600,tier_split_tier5,0.0,0.0,0.0,0.0,0.0,0.0,0.0,0.0,0.0,0.0,1.0,0.0,0.0,0.0,0.0,1.0,0.0,0.0,0.0,0.0,0.0,0.0,0.0,0.0,1.0,0.0,0.0,1.0,0.0,0.0,1.0,0.0,0.0,1.0,9.0,47893.0,0.11,0.14,0.9,0.8,1.1,1.05,30000.0,0.0,1.0,1.0
L1110,L0006,synthetic,train,Tier 5,8800,11200,tier_split_tier5,0.0,0.0,0.0,0.0,0.0,0.0,1.0,0.0,0.0,0.0,0.0,0.0,0.0,0.0,0.0,0.0,1.0,0.0,0.0,0.0,0.0,1.0,0.0,0.0,0.0,0.0,1.0,0.0,0.0,0.0,0.0,0.0,1.0,1.0,14.0,148656.0,0.11,0.14,0.7,0.7,1.05,1.05,80000.0,0.0,1.0,1.0
L1111,L0372,synthetic,train,Tier 5,2800,3600,tier_split_tier5,1.0,0.0,0.0,0.0,0.0,0.0,0.0,0.0,0.0,0.0,0.0,0.0,0.0,0.0,0.0,0.0,0.0,1.0,0.0,0.0,0.0,0.0,0.0,0.0,1.0,0.0,1.0,0.0,0.0,0.0,1.0,0.0,0.0,1.0,5.0,27228.0,0.11,0.14,0.9,0.9,1.1,1.05,10000.0,0.0,1.0,1.0
L1115,L0038,synthetic,val,Tier 5,3800,4900,tier_split_tier5,0.0,1.0,0.0,0.0,0.0,0.0,0.0,0.0,0.0,0.0,0.0,0.0,0.0,0.0,0.0,0.0,1.0,0.0,0.0,0.0,0.0,1.0,0.0,0.0,0.0,0.0,0.0,1.0,0.0,0.0,1.0,0.0,0.0,1.0,9.0,44087.0,0.11,0.14,0.9,0.8,1.05,1.05,7000.0,0.0,1.0,1.0
L1118,L0010,synthetic,train,Tier 5,5400,6900,tier_split_tier5,1.0,0.0,0.0,0.0,0.0,0.0,0.0,0.0,0.0,0.0,0.0,0.0,0.0,0.0,0.0,0.0,0.0,0.0,1.0,0.0,0.0,0.0,0.0,0.0,1.0,0.0,1.0,0.0,0.0,0.0,0.0,0.0,1.0,1.0,6.0,67912.0,0.11,0.14,0.7,0.9,1.1,1.05,10000.0,0.0,1.0,1.0
L1120,L0373,synthetic,train,Tier 5,1800,2300,tier_split_tier5,0.0,0.0,0.0,0.0,0.0,0.0,0.0,0.0,0.0,0.0,0.0,0.0,1.0,0.0,0.0,0.0,0.0,1.0,0.0,0.0,0.0,0.0,0.0,0.0,1.0,1.0,0.0,0.0,0.0,0.0,0.0,0.0,1.0,1.0,14.0,28530.0,0.11,0.14,0.7,0.7,1.1,1.05,40000.0,0.0,1.0,1.0
L1123,L0021,synthetic,train,Tier 5,6300,8000,tier_split_tier5,0.0,0.0,0.0,0.0,0.0,0.0,0.0,0.0,0.0,0.0,0.0,0.0,1.0,0.0,0.0,0.0,0.0,0.0,1.0,0.0,0.0,0.0,0.0,0.0,1.0,0.0,1.0,0.0,0.0,0.0,0.0,0.0,1.0,1.0,6.0,78542.0,0.11,0.14,0.7,0.9,1.1,1.05,40000.0,0.0,1.0,1.0
L1124,L0324,synthetic,train,Tier 5,3000,3800,tier_split_tier5,0.0,0.0,0.0,0.0,0.0,0.0,1.0,0.0,0.0,0.0,0.0,0.0,0.0,0.0,0.0,0.0,1.0,0.0,0.0,0.0,0.0,1.0,0.0,0.0,0.0,1.0,0.0,0.0,0.0,0.0,1.0,0.0,0.0,1.0,4.0,30760.0,0.11,0.14,0.9,0.9,1.05,1.05,80000.0,0.0,1.0,1.0
L1138,L0051,synthetic,train,Tier 5,7400,9400,tier_split_tier5,0.0,0.0,0.0,0.0,0.0,0.0,0.0,0.0,1.0,0.0,0.0,0.0,0.0,0.0,1.0,0.0,0.0,0.0,0.0,0.0,0.0,0.0,0.0,0.0,1.0,1.0,0.0,0.0,0.0,0.0,1.0,0.0,0.0,1.0,7.0,84399.0,0.11,0.14,0.9,0.8,1.05,1.05,35000.0,0.0,1.0,1.0
L1139,L0300,synthetic,train,Tier 5,4000,5100,tier_split_tier5,0.0,0.0,0.0,0.0,0.0,0.0,0.0,0.0,1.0,0.0,0.0,0.0,0.0,0.0,1.0,0.0,0.0,0.0,0.0,0.0,0.0,0.0,0.0,0.0,1.0,0.0,0.0,1.0,0.0,0.0,0.0,1.0,0.0,1.0,2.0,32785.0,0.11,0.14,1.0,1.0,1.05,1.05,35000.0,0.0,1.0,1.0
L1144,L0143,synthetic,train,Tier 5,4900,6200,tier_split_tier5,0.0,0.0,0.0,0.0,0.0,0.0,0.0,0.0,1.0,0.0,0.0,0.0,0.0,0.0,1.0,0.0,0.0,0.0,0.0,0.0,0.0,0.0,0.0,0.0,1.0,0.0,1.0,0.0,0.0,0.0,0.0,0.0,1.0,1.0,9.0,71467.0,0.11,0.14,0.7,0.8,1.05,1.05,35000.0,0.0,1.0,1.0
L1147,L0124,synthetic,train,Tier 5,6600,8400,tier_split_tier5,0.0,0.0,0.0,0.0,0.0,1.0,0.0,0.0,0.0,0.0,0.0,0.0,0.0,0.0,0.0,0.0,1.0,0.0,0.0,0.0,0.0,1.0,0.0,0.0,0.0,0.0,0.0,1.0,0.0,0.0,1.0,0.0,0.0,1.0,5.0,66809.0,0.11,0.14,0.9,0.9,1.05,1.05,50000.0,0.0,1.0,1.0
L1160,L0350,synthetic,train,Tier 5,2600,3300,tier_split_tier5,0.0,0.0,0.0,0.0,0.0,0.0,0.0,0.0,1.0,0.0,0.0,0.0,0.0,0.0,1.0,0.0,0.0,0.0,0.0,0.0,0.0,0.0,0.0,0.0,1.0,0.0,0.0,1.0,0.0,0.0,1.0,0.0,0.0,1.0,8.0,29803.0,0.11,0.14,0.9,0.8,1.05,1.05,35000.0,0.0,1.0,1.0
L1170,L0375,synthetic,train,Tier 5,3200,4100,tier_split_tier5,0.0,0.0,0.0,1.0,0.0,0.0,0.0,0.0,0.0,0.0,0.0,0.0,0.0,0.0,0.0,0.0,1.0,0.0,0.0,0.0,1.0,0.0,0.0,0.0,0.0,1.0,0.0,0.0,0.0,0.0,0.0,1.0,0.0,1.0,3.0,27776.0,0.11,0.14,1.0,1.0,1.05,1.0,40000.0,0.0,1.0,1.0
L1172,L0143,synthetic,train,Tier 5,5800,7300,tier_split_tier5,0.0,0.0,0.0,0.0,0.0,0.0,0.0,0.0,1.0,0.0,0.0,0.0,0.0,0.0,1.0,0.0,0.0,0.0,0.0,0.0,0.0,0.0,0.0,0.0,1.0,0.0,1.0,0.0,0.0,0.0,0.0,0.0,1.0,1.0,6.0,75520.0,0.11,0.14,0.7,0.9,1.05,1.05,35000.0,0.0,1.0,1.0
L1175,L0180,synthetic,train,Tier 5,10400,13200,tier_split_tier5,0.0,0.0,0.0,0.0,0.0,0.0,1.0,0.0,0.0,0.0,0.0,0.0,0.0,0.0,0.0,0.0,1.0,0.0,0.0,0.0,0.0,1.0,0.0,0.0,0.0,0.0,1.0,0.0,0.0,0.0,1.0,0.0,0.0,1.0,11.0,135548.0,0.11,0.14,0.9,0.7,1.05,1.05,80000.0,0.0,1.0,1.0
L1198,L0297,synthetic,val,Tier 5,3200,4100,tier_split_tier5,1.0,0.0,0.0,0.0,0.0,0.0,0.0,0.0,0.0,0.0,0.0,0.0,0.0,0.0,0.0,0.0,0.0,1.0,0.0,0.0,0.0,0.0,0.0,0.0,1.0,0.0,0.0,1.0,0.0,0.0,0.0,1.0,0.0,1.0,1.0,25089.0,0.11,0.14,1.0,1.0,1.1,1.05,10000.0,0.0,1.0,1.0
L1200,L0051,synthetic,train,Tier 5,7400,9400,tier_split_tier5,0.0,0.0,0.0,0.0,0.0,0.0,0.0,0.0,1.0,0.0,0.0,0.0,0.0,0.0,1.0,0.0,0.0,0.0,0.0,0.0,0.0,0.0,0.0,0.0,1.0,0.0,0.0,0.0,0.0,1.0,1.0,0.0,0.0,1.0,10.0,84188.0,0.11,0.14,0.9,0.8,1.05,1.05,35000.0,0.0,1.0,1.0
L1202,L0254,synthetic,train,Tier 5,2200,2800,tier_split_tier5,1.0,0.0,0.0,0.0,0.0,0.0,0.0,0.0,0.0,0.0,0.0,0.0,0.0,0.0,0.0,0.0,0.0,1.0,0.0,0.0,0.0,0.0,0.0,0.0,1.0,0.0,1.0,0.0,0.0,0.0,1.0,0.0,0.0,1.0,8.0,23649.0,0.11,0.14,0.9,0.8,1.1,1.05,10000.0,0.0,1.0,1.0
L1208,L0372,synthetic,train,Tier 5,2500,3100,tier_split_tier5,1.0,0.0,0.0,0.0,0.0,0.0,0.0,0.0,0.0,0.0,0.0,0.0,0.0,0.0,0.0,0.0,0.0,1.0,0.0,0.0,0.0,0.0,0.0,0.0,1.0,0.0,1.0,0.0,0.0,0.0,1.0,0.0,0.0,1.0,10.0,26965.0,0.11,0.14,0.9,0.8,1.1,1.05,10000.0,0.0,1.0,1.0
L1227,L0322,synthetic,train,Tier 5,2000,2600,tier_split_tier5,0.0,0.0,0.0,0.0,0.0,0.0,0.0,0.0,0.0,0.0,0.0,0.0,1.0,0.0,0.0,0.0,0.0,1.0,0.0,0.0,0.0,0.0,0.0,0.0,1.0,0.0,1.0,0.0,0.0,0.0,0.0,0.0,1.0,1.0,10.0,28414.0,0.11,0.14,0.7,0.8,1.1,1.05,40000.0,0.0,1.0,1.0
L1233,L0143,synthetic,train,Tier 5,4600,5800,tier_split_tier5,0.0,0.0,0.0,0.0,0.0,0.0,0.0,0.0,1.0,0.0,0.0,0.0,0.0,0.0,1.0,0.0,0.0,0.0,0.0,0.0,0.0,0.0,0.0,0.0,1.0,0.0,1.0,0.0,0.0,0.0,0.0,0.0,1.0,1.0,7.0,67300.0,0.11,0.14,0.7,0.8,1.05,1.05,35000.0,0.0,1.0,1.0
L1234,L0043,synthetic,train,Tier 5,6400,8100,tier_split_tier5,0.0,0.0,0.0,0.0,0.0,0.0,0.0,1.0,0.0,0.0,0.0,0.0,0.0,0.0,0.0,1.0,0.0,0.0,0.0,0.0,0.0,0.0,0.0,0.0,1.0,0.0,1.0,0.0,0.0,0.0,0.0,0.0,1.0,1.0,8.0,89851.0,0.11,0.14,0.7,0.8,1.1,1.05,30000.0,150000.0,0.0,1.0
L1247,L0015,synthetic,train,Tier 5,6800,8600,tier_split_tier5,0.0,0.0,0.0,0.0,0.0,0.0,0.0,0.0,1.0,0.0,0.0,0.0,0.0,0.0,1.0,0.0,0.0,0.0,0.0,0.0,0.0,0.0,0.0,0.0,1.0,0.0,0.0,1.0,0.0,0.0,0.0,0.0,1.0,1.0,7.0,99764.0,0.11,0.14,0.7,0.8,1.05,1.05,35000.0,0.0,1.0,1.0
L1248,L0322,synthetic,train,Tier 5,2400,3000,tier_split_tier5,0.0,0.0,0.0,0.0,0.0,0.0,0.0,0.0,0.0,0.0,0.0,0.0,1.0,0.0,0.0,0.0,0.0,1.0,0.0,0.0,0.0,0.0,0.0,0.0,1.0,0.0,1.0,0.0,0.0,0.0,1.0,0.0,0.0,1.0,8.0,25833.0,0.11,0.14,0.9,0.8,1.1,1.05,40000.0,0.0,1.0,1.0
L1267,L0183,synthetic,train,Tier 5,9500,12100,tier_split_tier5,0.0,0.0,0.0,0.0,0.0,1.0,0.0,0.0,0.0,0.0,0.0,0.0,0.0,0.0,0.0,0.0,1.0,0.0,0.0,0.0,0.0,1.0,0.0,0.0,0.0,0.0,0.0,0.0,0.0,1.0,1.0,0.0,0.0,1.0,7.0,109245.0,0.11,0.14,0.9,0.8,1.05,1.05,50000.0,0.0,1.0,1.0
L1268,L0140,synthetic,train,Tier 5,6100,7700,tier_split_tier5,0.0,0.0,0.0,0.0,0.0,0.0,0.0,0.0,1.0,0.0,0.0,0.0,0.0,0.0,1.0,0.0,0.0,0.0,0.0,0.0,0.0,0.0,0.0,0.0,1.0,0.0,0.0,1.0,0.0,0.0,0.0,0.0,1.0,1.0,9.0,89229.0,0.11,0.14,0.7,0.8,1.05,1.05,35000.0,0.0,1.0,1.0
L1270,L0349,synthetic,test,Tier 5,3600,4500,tier_split_tier5,0.0,0.0,0.0,0.0,0.0,1.0,0.0,0.0,0.0,0.0,0.0,0.0,0.0,0.0,0.0,0.0,1.0,0.0,0.0,0.0,0.0,1.0,0.0,0.0,0.0,1.0,0.0,0.0,0.0,0.0,1.0,0.0,0.0,1.0,6.0,36188.0,0.11,0.14,0.9,0.9,1.05,1.05,50000.0,0.0,1.0,1.0
L1274,L0037,synthetic,val,Tier 5,5700,7200,tier_split_tier5,0.0,0.0,0.0,0.0,0.0,0.0,1.0,0.0,0.0,0.0,0.0,0.0,0.0,0.0,0.0,0.0,0.0,0.0,0.0,1.0,0.0,0.0,1.0,0.0,0.0,0.0,0.0,0.0,0.0,1.0,1.0,0.0,0.0,1.0,7.0,69631.0,0.11,0.14,0.9,0.8,1.0,1.03,80000.0,0.0,1.0,1.0
L1284,L0258,synthetic,val,Tier 5,1900,2500,tier_split_tier5,0.0,0.0,0.0,0.0,0.0,0.0,0.0,0.0,0.0,0.0,0.0,0.0,0.0,0.0,0.0,0.0,0.0,1.0,0.0,0.0,0.0,0.0,0.0,0.0,1.0,0.0,1.0,0.0,0.0,0.0,1.0,0.0,0.0,1.0,15.0,24140.0,0.11,0.14,0.9,0.7,1.1,1.05,45000.0,0.0,1.0,1.0
L1290,L0098,synthetic,val,Tier 5,5300,6800,tier_split_tier5,0.0,0.0,0.0,0.0,0.0,0.0,0.0,0.0,0.0,0.0,1.0,0.0,0.0,0.0,0.0,1.0,0.0,0.0,0.0,0.0,0.0,0.0,0.0,0.0,1.0,1.0,0.0,0.0,0.0,0.0,1.0,0.0,0.0,1.0,3.0,46540.0,0.11,0.14,0.9,1.0,1.1,1.05,30000.0,0.0,1.0,1.0
L1295,L0297,synthetic,val,Tier 5,2300,3000,tier_split_tier5,1.0,0.0,0.0,0.0,0.0,0.0,0.0,0.0,0.0,0.0,0.0,0.0,0.0,0.0,0.0,0.0,0.0,1.0,0.0,0.0,0.0,0.0,0.0,0.0,1.0,0.0,0.0,1.0,0.0,0.0,0.0,1.0,0.0,1.0,4.0,20470.0,0.11,0.14,1.0,0.9,1.1,1.05,10000.0,0.0,1.0,1.0
L1300,L0183,synthetic,train,Tier 5,10300,13100,tier_split_tier5,0.0,0.0,0.0,0.0,0.0,1.0,0.0,0.0,0.0,0.0,0.0,0.0,0.0,0.0,0.0,0.0,1.0,0.0,0.0,0.0,0.0,1.0,0.0,0.0,0.0,0.0,1.0,0.0,0.0,0.0,0.0,0.0,1.0,1.0,5.0,134580.0,0.11,0.14,0.7,0.9,1.05,1.05,50000.0,0.0,1.0,1.0
L1301,L0173,synthetic,train,Tier 5,8600,10900,tier_split_tier5,0.0,1.0,0.0,0.0,0.0,0.0,0.0,0.0,0.0,0.0,0.0,0.0,0.0,0.0,0.0,1.0,0.0,0.0,0.0,0.0,0.0,0.0,0.0,1.0,0.0,1.0,0.0,0.0,0.0,0.0,1.0,0.0,0.0,1.0,4.0,87697.0,0.11,0.14,0.9,0.9,1.1,1.0,7000.0,0.0,1.0,1.0
L1304,L0260,synthetic,train,Tier 5,2600,3300,tier_split_tier5,0.0,0.0,0.0,0.0,0.0,0.0,1.0,0.0,0.0,0.0,0.0,0.0,0.0,0.0,0.0,0.0,1.0,0.0,0.0,0.0,0.0,1.0,0.0,0.0,0.0,0.0,1.0,0.0,0.0,0.0,1.0,0.0,0.0,1.0,7.0,29935.0,0.11,0.14,0.9,0.8,1.05,1.05,80000.0,0.0,1.0,1.0
L1305,L0260,synthetic,train,Tier 5,2900,3800,tier_split_tier5,0.0,0.0,0.0,0.0,0.0,0.0,1.0,0.0,0.0,0.0,0.0,0.0,0.0,0.0,0.0,0.0,1.0,0.0,0.0,0.0,0.0,1.0,0.0,0.0,0.0,0.0,1.0,0.0,0.0,0.0,1.0,0.0,0.0,1.0,8.0,33751.0,0.11,0.14,0.9,0.8,1.05,1.05,80000.0,0.0,1.0,1.0
L1309,L0265,synthetic,train,Tier 5,4100,5200,tier_split_tier5,0.0,0.0,1.0,0.0,0.0,0.0,0.0,0.0,0.0,0.0,0.0,0.0,0.0,0.0,0.0,0.0,1.0,0.0,0.0,0.0,0.0,1.0,0.0,0.0,0.0,0.0,0.0,1.0,0.0,0.0,0.0,1.0,0.0,1.0,3.0,33726.0,0.11,0.14,1.0,1.0,1.05,1.05,70000.0,0.0,1.0,1.0
L1317,L0259,synthetic,test,Tier 5,3100,4000,tier_split_tier5,0.0,0.0,0.0,0.0,0.0,1.0,0.0,0.0,0.0,0.0,0.0,0.0,0.0,0.0,0.0,0.0,1.0,0.0,0.0,0.0,0.0,1.0,0.0,0.0,0.0,1.0,0.0,0.0,0.0,0.0,1.0,0.0,0.0,1.0,1.0,28504.0,0.11,0.14,0.9,1.0,1.05,1.05,50000.0,0.0,1.0,1.0
L1320,L0265,synthetic,train,Tier 5,2100,2700,tier_split_tier5,0.0,0.0,1.0,0.0,0.0,0.0,0.0,0.0,0.0,0.0,0.0,0.0,0.0,0.0,0.0,0.0,1.0,0.0,0.0,0.0,0.0,1.0,0.0,0.0,0.0,1.0,0.0,0.0,0.0,0.0,0.0,0.0,1.0,1.0,9.0,31083.0,0.11,0.14,0.7,0.8,1.05,1.05,70000.0,0.0,1.0,1.0
L1327,L0192,synthetic,train,Tier 5,5900,7500,tier_split_tier5,0.0,0.0,0.0,0.0,0.0,0.0,0.0,0.0,0.0,0.0,0.0,0.0,1.0,0.0,0.0,0.0,0.0,0.0,1.0,0.0,0.0,0.0,0.0,0.0,1.0,0.0,0.0,1.0,0.0,0.0,1.0,0.0,0.0,1.0,7.0,64299.0,0.11,0.14,0.9,0.8,1.1,1.05,40000.0,0.0,1.0,1.0
L1332,L0174,synthetic,train,Tier 5,10400,13200,tier_split_tier5,0.0,0.0,0.0,0.0,0.0,0.0,0.0,0.0,0.0,0.0,0.0,0.0,0.0,1.0,1.0,0.0,0.0,0.0,0.0,0.0,0.0,0.0,0.0,0.0,1.0,0.0,1.0,0.0,0.0,0.0,1.0,0.0,0.0,1.0,8.0,118657.0,0.11,0.14,0.9,0.8,1.05,1.05,35000.0,0.0,1.0,1.0
L1335,L0258,synthetic,val,Tier 5,1500,1900,tier_split_tier5,0.0,0.0,0.0,0.0,0.0,0.0,0.0,0.0,0.0,0.0,0.0,0.0,0.0,0.0,0.0,0.0,0.0,1.0,0.0,0.0,0.0,0.0,0.0,0.0,1.0,1.0,0.0,0.0,0.0,0.0,0.0,0.0,1.0,1.0,15.0,24142.0,0.11,0.14,0.7,0.7,1.1,1.05,45000.0,0.0,1.0,1.0
L1339,L0253,synthetic,train,Tier 5,1700,2100,tier_split_tier5,0.0,0.0,0.0,0.0,0.0,0.0,0.0,0.0,0.0,1.0,0.0,0.0,0.0,0.0,0.0,0.0,0.0,0.0,1.0,0.0,0.0,0.0,0.0,0.0,1.0,1.0,0.0,0.0,0.0,0.0,1.0,0.0,0.0,1.0,4.0,16399.0,0.11,0.14,0.9,0.9,1.1,1.05,15000.0,90000.0,0.0,1.0
L1345,L0140,synthetic,train,Tier 5,8600,11000,tier_split_tier5,0.0,0.0,0.0,0.0,0.0,0.0,0.0,0.0,1.0,0.0,0.0,0.0,0.0,0.0,1.0,0.0,0.0,0.0,0.0,0.0,0.0,0.0,0.0,0.0,1.0,0.0,0.0,1.0,0.0,0.0,1.0,0.0,0.0,1.0,10.0,98881.0,0.11,0.14,0.9,0.8,1.05,1.05,35000.0,0.0,1.0,1.0
L1352,L0193,synthetic,train,Tier 5,6700,8500,tier_split_tier5,1.0,0.0,0.0,0.0,0.0,0.0,0.0,0.0,0.0,0.0,0.0,0.0,0.0,0.0,0.0,0.0,0.0,0.0,1.0,0.0,0.0,0.0,0.0,0.0,1.0,0.0,0.0,1.0,0.0,0.0,1.0,0.0,0.0,1.0,4.0,65240.0,0.11,0.14,0.9,0.9,1.1,1.05,10000.0,0.0,1.0,1.0
L1355,L0253,synthetic,train,Tier 5,2600,3300,tier_split_tier5,0.0,0.0,0.0,0.0,0.0,0.0,0.0,0.0,0.0,1.0,0.0,0.0,0.0,0.0,0.0,0.0,0.0,0.0,1.0,0.0,0.0,0.0,0.0,0.0,1.0,0.0,0.0,0.0,0.0,1.0,0.0,1.0,0.0,1.0,1.0,20624.0,0.11,0.14,1.0,1.0,1.1,1.05,15000.0,90000.0,0.0,1.0
L1358,L0348,synthetic,val,Tier 5,2300,3000,tier_split_tier5,0.0,0.0,0.0,0.0,0.0,0.0,0.0,0.0,0.0,0.0,0.0,1.0,0.0,0.0,0.0,0.0,0.0,0.0,1.0,0.0,0.0,0.0,0.0,0.0,1.0,1.0,0.0,0.0,0.0,0.0,0.0,0.0,1.0,1.0,5.0,29285.0,0.11,0.14,0.7,0.9,1.1,1.05,60000.0,0.0,1.0,1.0
L1360,L0349,synthetic,test,Tier 5,3400,4300,tier_split_tier5,0.0,0.0,0.0,0.0,0.0,1.0,0.0,0.0,0.0,0.0,0.0,0.0,0.0,0.0,0.0,0.0,1.0,0.0,0.0,0.0,0.0,1.0,0.0,0.0,0.0,0.0,1.0,0.0,0.0,0.0,1.0,0.0,0.0,1.0,6.0,34718.0,0.11,0.14,0.9,0.9,1.05,1.05,50000.0,0.0,1.0,1.0
L1363,L0321,synthetic,train,Tier 5,2900,3700,tier_split_tier5,0.0,0.0,0.0,0.0,0.0,0.0,0.0,0.0,0.0,1.0,0.0,0.0,0.0,0.0,0.0,0.0,0.0,0.0,1.0,0.0,0.0,0.0,0.0,0.0,1.0,1.0,0.0,0.0,0.0,0.0,0.0,1.0,0.0,1.0,1.0,23062.0,0.11,0.14,1.0,1.0,1.1,1.05,15000.0,90000.0,0.0,1.0
L1365,L0038,synthetic,val,Tier 5,2400,3100,tier_split_tier5,0.0,1.0,0.0,0.0,0.0,0.0,0.0,0.0,0.0,0.0,0.0,0.0,0.0,0.0,0.0,0.0,1.0,0.0,0.0,0.0,0.0,1.0,0.0,0.0,0.0,0.0,0.0,1.0,0.0,0.0,0.0,0.0,1.0,1.0,13.0,41178.0,0.11,0.14,0.7,0.7,1.05,1.05,7000.0,0.0,1.0,1.0
L1370,L0346,synthetic,train,Tier 5,1900,2400,tier_split_tier5,0.0,0.0,0.0,0.0,0.0,0.0,0.0,0.0,0.0,1.0,0.0,0.0,0.0,0.0,0.0,0.0,0.0,0.0,1.0,0.0,0.0,0.0,0.0,0.0,1.0,0.0,0.0,0.0,1.0,0.0,1.0,0.0,0.0,1.0,8.0,20503.0,0.11,0.14,0.9,0.8,1.1,1.05,15000.0,90000.0,0.0,1.0
L1375,L0266,synthetic,train,Tier 5,2600,3300,tier_split_tier5,0.0,0.0,0.0,0.0,1.0,0.0,0.0,0.0,0.0,0.0,0.0,0.0,0.0,0.0,1.0,0.0,0.0,0.0,0.0,0.0,0.0,0.0,0.0,0.0,1.0,0.0,0.0,1.0,0.0,0.0,1.0,0.0,0.0,1.0,6.0,26435.0,0.11,0.14,0.9,0.9,1.05,1.05,20000.0,0.0,1.0,1.0
L1376,L0177,synthetic,val,Tier 5,9700,12300,tier_split_tier5,0.0,0.0,0.0,0.0,0.0,0.0,0.0,0.0,1.0,0.0,0.0,0.0,0.0,0.0,1.0,0.0,0.0,0.0,0.0,0.0,0.0,0.0,0.0,0.0,1.0,0.0,0.0,1.0,0.0,0.0,1.0,0.0,0.0,1.0,3.0,88762.0,0.11,0.14,0.9,1.0,1.05,1.05,35000.0,0.0,1.0,1.0
L1380,L0193,synthetic,train,Tier 5,6000,7700,tier_split_tier5,1.0,0.0,0.0,0.0,0.0,0.0,0.0,0.0,0.0,0.0,0.0,0.0,0.0,0.0,0.0,0.0,0.0,0.0,1.0,0.0,0.0,0.0,0.0,0.0,1.0,0.0,1.0,0.0,0.0,0.0,1.0,0.0,0.0,1.0,2.0,52908.0,0.11,0.14,0.9,1.0,1.1,1.05,10000.0,0.0,1.0,1.0
L1382,L0174,synthetic,train,Tier 5,10000,12800,tier_split_tier5,0.0,0.0,0.0,0.0,0.0,0.0,0.0,0.0,0.0,0.0,0.0,0.0,0.0,1.0,1.0,0.0,0.0,0.0,0.0,0.0,0.0,0.0,0.0,0.0,1.0,0.0,1.0,0.0,0.0,0.0,1.0,0.0,0.0,1.0,4.0,102029.0,0.11,0.14,0.9,0.9,1.05,1.05,35000.0,0.0,1.0,1.0
L1386,L0192,synthetic,train,Tier 5,6100,7700,tier_split_tier5,0.0,0.0,0.0,0.0,0.0,0.0,0.0,0.0,0.0,0.0,0.0,0.0,1.0,0.0,0.0,0.0,0.0,0.0,1.0,0.0,0.0,0.0,0.0,0.0,1.0,0.0,0.0,1.0,0.0,0.0,1.0,0.0,0.0,1.0,7.0,66221.0,0.11,0.14,0.9,0.8,1.1,1.05,40000.0,0.0,1.0,1.0
L1388,L0261,synthetic,train,Tier 5,2000,2500,tier_split_tier5,0.0,0.0,0.0,0.0,0.0,0.0,0.0,0.0,1.0,0.0,0.0,0.0,0.0,0.0,1.0,0.0,0.0,0.0,0.0,0.0,0.0,0.0,0.0,0.0,1.0,0.0,0.0,0.0,1.0,0.0,0.0,0.0,1.0,1.0,8.0,29480.0,0.11,0.14,0.7,0.8,1.05,1.05,35000.0,0.0,1.0,1.0
L1391,L0299,synthetic,test,Tier 5,2900,3700,tier_split_tier5,0.0,0.0,0.0,0.0,0.0,1.0,0.0,0.0,0.0,0.0,0.0,0.0,0.0,0.0,0.0,0.0,1.0,0.0,0.0,0.0,0.0,1.0,0.0,0.0,0.0,0.0,1.0,0.0,0.0,0.0,1.0,0.0,0.0,1.0,5.0,29914.0,0.11,0.14,0.9,0.9,1.05,1.05,50000.0,0.0,1.0,1.0
L1396,L0117,synthetic,val,Tier 5,1800,2300,tier_split_tier5,1.0,0.0,0.0,0.0,0.0,0.0,0.0,0.0,0.0,0.0,0.0,0.0,0.0,0.0,0.0,0.0,0.0,1.0,0.0,0.0,0.0,0.0,0.0,0.0,1.0,0.0,0.0,1.0,0.0,0.0,1.0,0.0,0.0,1.0,8.0,20034.0,0.11,0.14,0.9,0.8,1.1,1.05,10000.0,0.0,1.0,1.0
L1400,L0117,synthetic,val,Tier 5,1100,1500,tier_split_tier5,1.0,0.0,0.0,0.0,0.0,0.0,0.0,0.0,0.0,0.0,0.0,0.0,0.0,0.0,0.0,0.0,0.0,1.0,0.0,0.0,0.0,0.0,0.0,0.0,1.0,0.0,0.0,1.0,0.0,0.0,0.0,0.0,1.0,1.0,13.0,18390.0,0.11,0.14,0.7,0.7,1.1,1.05,10000.0,0.0,1.0,1.0
L1402,L0108,synthetic,val,Tier 5,2700,3400,tier_split_tier5,0.0,1.0,0.0,0.0,0.0,0.0,0.0,0.0,0.0,0.0,0.0,0.0,0.0,0.0,0.0,0.0,1.0,0.0,0.0,0.0,0.0,1.0,0.0,0.0,0.0,0.0,0.0,1.0,0.0,0.0,0.0,0.0,1.0,1.0,15.0,44603.0,0.11,0.14,0.7,0.7,1.05,1.05,7000.0,0.0,1.0,1.0
L1425,L0192,synthetic,train,Tier 5,6400,8100,tier_split_tier5,0.0,0.0,0.0,0.0,0.0,0.0,0.0,0.0,0.0,0.0,0.0,0.0,1.0,0.0,0.0,0.0,0.0,0.0,1.0,0.0,0.0,0.0,0.0,0.0,1.0,0.0,1.0,0.0,0.0,0.0,1.0,0.0,0.0,1.0,4.0,62127.0,0.11,0.14,0.9,0.9,1.1,1.05,40000.0,0.0,1.0,1.0
L1426,L0349,synthetic,test,Tier 5,2800,3600,tier_split_tier5,0.0,0.0,0.0,0.0,0.0,1.0,0.0,0.0,0.0,0.0,0.0,0.0,0.0,0.0,0.0,0.0,1.0,0.0,0.0,0.0,0.0,1.0,0.0,0.0,0.0,0.0,1.0,0.0,0.0,0.0,1.0,0.0,0.0,1.0,4.0,28995.0,0.11,0.14,0.9,0.9,1.05,1.05,50000.0,0.0,1.0,1.0
L1427,L0371,synthetic,train,Tier 5,3400,4300,tier_split_tier5,0.0,0.0,0.0,0.0,0.0,0.0,0.0,0.0,0.0,1.0,0.0,0.0,0.0,0.0,0.0,0.0,0.0,0.0,1.0,0.0,0.0,0.0,0.0,0.0,1.0,1.0,0.0,0.0,0.0,0.0,0.0,1.0,0.0,1.0,3.0,26405.0,0.11,0.14,1.0,1.0,1.1,1.05,15000.0,90000.0,0.0,1.0
L1430,L0049,synthetic,test,Tier 5,1200,1600,tier_split_tier5,0.0,0.0,0.0,0.0,0.0,0.0,0.0,0.0,0.0,0.0,0.0,0.0,0.0,0.0,0.0,1.0,0.0,0.0,0.0,0.0,0.0,0.0,0.0,0.0,1.0,0.0,0.0,1.0,0.0,0.0,0.0,0.0,1.0,1.0,6.0,15414.0,0.11,0.14,0.7,0.9,1.1,1.05,8000.0,50000.0,0.0,1.0
L1447,L0192,synthetic,train,Tier 5,5800,7400,tier_split_tier5,0.0,0.0,0.0,0.0,0.0,0.0,0.0,0.0,0.0,0.0,0.0,0.0,1.0,0.0,0.0,0.0,0.0,0.0,1.0,0.0,0.0,0.0,0.0,0.0,1.0,0.0,0.0,1.0,0.0,0.0,0.0,0.0,1.0,1.0,6.0,72718.0,0.11,0.14,0.7,0.9,1.1,1.05,40000.0,0.0,1.0,1.0
L1448,L0064,synthetic,train,Tier 5,10400,13300,tier_split_tier5,0.0,0.0,0.0,0.0,0.0,0.0,0.0,0.0,0.0,0.0,0.0,0.0,0.0,1.0,1.0,0.0,0.0,0.0,0.0,0.0,0.0,0.0,0.0,0.0,1.0,0.0,1.0,0.0,0.0,0.0,1.0,0.0,0.0,1.0,7.0,119460.0,0.11,0.14,0.9,0.8,1.05,1.05,35000.0,0.0,1.0,1.0
L1452,L0297,synthetic,val,Tier 5,2600,3400,tier_split_tier5,1.0,0.0,0.0,0.0,0.0,0.0,0.0,0.0,0.0,0.0,0.0,0.0,0.0,0.0,0.0,0.0,0.0,1.0,0.0,0.0,0.0,0.0,0.0,0.0,1.0,0.0,1.0,0.0,0.0,0.0,0.0,1.0,0.0,1.0,1.0,20813.0,0.11,0.14,1.0,1.0,1.1,1.05,10000.0,0.0,1.0,1.0
L1455,L0373,synthetic,train,Tier 5,2000,2500,tier_split_tier5,0.0,0.0,0.0,0.0,0.0,0.0,0.0,0.0,0.0,0.0,0.0,0.0,1.0,0.0,0.0,0.0,0.0,1.0,0.0,0.0,0.0,0.0,0.0,0.0,1.0,1.0,0.0,0.0,0.0,0.0,0.0,0.0,1.0,1.0,15.0,31765.0,0.11,0.14,0.7,0.7,1.1,1.05,40000.0,0.0,1.0,1.0
L1462,L0004,synthetic,train,Tier 5,6100,7800,tier_split_tier5,0.0,0.0,0.0,0.0,0.0,1.0,0.0,0.0,0.0,0.0,0.0,0.0,0.0,0.0,0.0,0.0,1.0,0.0,0.0,0.0,0.0,1.0,0.0,0.0,0.0,0.0,0.0,1.0,0.0,0.0,0.0,1.0,0.0,1.0,5.0,56180.0,0.11,0.14,1.0,0.9,1.05,1.05,50000.0,0.0,1.0,1.0
L1473,L0197,synthetic,val,Tier 5,4200,5400,tier_split_tier5,0.0,0.0,0.0,0.0,0.0,0.0,0.0,0.0,0.0,0.0,1.0,0.0,0.0,0.0,0.0,1.0,0.0,0.0,0.0,0.0,0.0,0.0,0.0,0.0,1.0,1.0,0.0,0.0,0.0,0.0,0.0,0.0,1.0,1.0,4.0,52989.0,0.11,0.14,0.7,0.9,1.1,1.05,30000.0,0.0,1.0,1.0
L1476,L0372,synthetic,train,Tier 5,2100,2700,tier_split_tier5,1.0,0.0,0.0,0.0,0.0,0.0,0.0,0.0,0.0,0.0,0.0,0.0,0.0,0.0,0.0,0.0,0.0,1.0,0.0,0.0,0.0,0.0,0.0,0.0,1.0,0.0,1.0,0.0,0.0,0.0,0.0,0.0,1.0,1.0,9.0,29663.0,0.11,0.14,0.7,0.8,1.1,1.05,10000.0,0.0,1.0,1.0
L1485,L0154,synthetic,train,Tier 5,6200,7900,tier_split_tier5,0.0,0.0,0.0,0.0,0.0,0.0,0.0,1.0,0.0,0.0,0.0,0.0,0.0,0.0,0.0,0.0,0.0,1.0,0.0,0.0,0.0,0.0,0.0,0.0,1.0,0.0,1.0,0.0,0.0,0.0,0.0,0.0,1.0,1.0,6.0,77687.0,0.11,0.14,0.7,0.9,1.1,1.05,30000.0,150000.0,0.0,1.0
L1489,L0108,synthetic,val,Tier 5,2900,3600,tier_split_tier5,0.0,1.0,0.0,0.0,0.0,0.0,0.0,0.0,0.0,0.0,0.0,0.0,0.0,0.0,0.0,0.0,1.0,0.0,0.0,0.0,0.0,1.0,0.0,0.0,0.0,0.0,0.0,1.0,0.0,0.0,0.0,0.0,1.0,1.0,14.0,47997.0,0.11,0.14,0.7,0.7,1.05,1.05,7000.0,0.0,1.0,1.0
L1496,L0093,synthetic,train,Tier 5,5500,7100,tier_split_tier5,0.0,0.0,0.0,0.0,0.0,0.0,0.0,0.0,1.0,0.0,0.0,0.0,0.0,0.0,1.0,0.0,0.0,0.0,0.0,0.0,0.0,0.0,0.0,0.0,1.0,0.0,1.0,0.0,0.0,0.0,1.0,0.0,0.0,1.0,11.0,72521.0,0.11,0.14,0.9,0.7,1.05,1.05,35000.0,0.0,1.0,1.0
